ticker,date,label,pre30_5,pre5_1,ann,post
HRTX,2017-01-04,pos,-0.30134245164573814,0.0225661793651728,-0.11273279816227566,0.03157765693821535
TOVX,2017-01-05,pos,-0.03937548256433132,0.08453348175398023,-0.004771977837089381,-0.0866619917122593
VRTX,2017-01-09,pos,-0.06943924331092788,0.006854562886351445,0.006439712913402396,0.05263147851482408
NERV,2017-01-20,pos,-0.16619120140817145,-0.07318710490131153,-0.0040936799726161155,-0.14242571847893437
VRTX,2017-01-25,pos,0.032211595830929696,0.025020839397218886,0.03384634196868497,-0.06485890156019192
RIGL,2017-01-30,neg,-0.2335379794137502,-0.07569566640215797,0.026202540939734842,0.0850772625163625
AMGN,2017-02-02,pos,0.012964286896739452,0.006274521539358702,0.03247302488509085,0.0015324180406555143
MYGN,2017-02-07,pos,-0.1713316722863265,-0.05841655601472118,0.06407333862395292,0.07802359063822006
VXRT,2017-02-13,neg,-0.23367417133866164,0.013397024617389341,-0.5350972192198462,-0.07091628021764929
ARDX,2017-02-15,pos,-0.3445622949012206,-0.009297928295019187,0.12818889592308436,0.07189179913609811
IRWD,2017-02-21,pos,-0.008130373593854046,0.00731138891370442,0.008313893177557485,0.004893682592290727
PCRX,2017-03-01,pos,0.041303765670015036,-0.022410109641888276,0.1170628233781712,-0.024998441401190785
SUPN,2017-03-01,pos,-0.04202748031085779,-0.011452616058566623,0.05851246574040836,0.12746627928058363
TOVX,2017-03-02,pos,-0.17161842096554292,0.015463437660137913,-0.0496126381051063,-0.14225607076831004
TGTX,2017-03-06,pos,0.20542556005695123,-0.10161348288656757,0.7366426034653397,0.03195293048060277
CRBP,2017-03-09,pos,0.1621950773419174,-0.024434325815303914,0.025012228059908992,-0.16927301786829574
TGTX,2017-03-10,pos,-0.050251748247203576,0.7964843457867583,0.023938620542783173,-0.08353349813408872
OCUL,2017-03-10,pos,0.09950246202481239,0.02370506336364686,-0.025325225250616867,0.01961567745574433
VRTX,2017-03-29,pos,0.004553220996634799,-0.01704190530879046,0.1802652455549998,0.06259287530094504
MTNB,2017-04-03,pos,-0.21090227942417883,0.08864913371805994,0.03948398672651088,-0.05096024975382285
LLY,2017-04-25,pos,0.01394003690931811,0.007849778001977725,-0.049831846830524995,-0.01809960046119219
VSTM,2017-05-02,pos,0.18296532658519116,0.16616915993436487,0.00915486158391321,0.006679012879868829
MYGN,2017-05-02,pos,-0.03231316768217507,-0.002809074715282023,0.20920298746901,-0.06033936189396716
IRWD,2017-05-08,pos,-0.1025491905591478,0.010592634226387343,0.06232790022900847,0.04807299150205813
COLL,2017-05-10,pos,-0.25705937653383826,-0.05907840157862543,0.1211323349830562,0.04733051535731425
TOVX,2017-05-15,pos,-0.3156959775041033,0.09685593579506602,0.046850477181481054,0.10032620249933544
VCEL,2017-05-15,pos,-0.05956228243713124,-0.006698118659079988,0.009453125215516334,-0.038167111998363534
NERV,2017-05-15,pos,-0.17266578141207845,0.07223399401369335,0.05529953166800894,0.15762463547175543
IONS,2017-05-18,pos,0.13245989645365785,-0.03241426478835585,0.0007171834263570709,0.0951928139034619
ONCSQ,2017-06-01,pos,-0.19315014393123509,0.09735980637383612,0.014516533143471122,-0.08824319825183036
VCEL,2017-06-02,pos,0.04987736267692011,0.07157666682746044,-0.056224658763053936,0.04633303518191756
TGTX,2017-06-05,pos,0.14071512125652674,0.10517359575978924,-0.08442079937950364,-0.3193966930147596
ELTP,2017-06-14,pos,0.1807064690254938,-0.06864858940394503,0.007241284755377997,-0.48235524066427415
LCTX,2017-06-14,pos,-0.0223793552445537,0.05629732669744958,-0.10869416330022841,-0.0574030517512395
TGTX,2017-06-16,pos,0.1343350889508419,-0.09357417894753661,-0.041902194418593997,-0.036431707399519286
VSTM,2017-07-11,pos,-0.19102050553909367,0.46505355813945837,0.1510270347978362,-0.033359540400347054
NKTR,2017-07-18,pos,-0.07040348413429154,-0.020436314838620184,0.037103712051135496,-0.07162508868046658
LLY,2017-07-25,pos,-0.06117034139336042,-0.03179160295761996,-0.023008949664454548,0.007470968822820723
ADMA,2017-07-28,neg,0.003873297773739015,0.04492663644232642,-0.04359319269589634,-0.11861655142398186
PFE,2017-08-01,pos,-0.11459202212494946,0.03254773378937248,0.015202169577364089,-0.02576933547601934
LCTX,2017-08-02,pos,-0.13293427157122506,-0.03981746412691245,0.06555583601787596,-0.052676676092236696
REGN,2017-08-03,pos,-0.02286551227311051,-0.04413838668226866,-0.030561004816858528,-0.010840130762498568
NBIX,2017-08-03,neg,0.017973668652992103,0.014466008810749553,0.08336862031993242,-0.012810626098553879
IRWD,2017-08-03,pos,-0.16021847773523,0.08454921492234968,-0.15091273640223513,-0.039227900430690354
ARDX,2017-08-09,pos,-0.011654535385679843,-0.1455908926807623,0.1508756348818685,0.028098366377076633
VCEL,2017-08-10,pos,-0.07307023286400316,0.10305272800638621,0.048461391453300084,0.13917178894987714
MTNB,2017-08-10,pos,-0.47428751379722556,0.18857485776129845,-0.010379080520389827,-0.07849644001907663
XBIO,2017-08-15,neg,0.04315121698268509,-0.012010831147719614,-0.1012973252438849,-0.05336037155902673
RARE,2017-08-24,neg,-0.04396925279748398,-0.1528907480754289,-0.0034334904578958714,-0.061242202225728626
CHRS,2017-08-29,pos,0.05533577568714243,-0.006798673080479656,-0.0164412704775474,-0.10449540616846953
INSM,2017-09-05,pos,-0.31405904232754356,-0.07500474669994528,0.8755858862107728,0.015085051114615666
KURA,2017-09-07,pos,-0.27461824949168245,-0.06046435800863903,0.5341185061570681,0.11606924026644805
VSTM,2017-09-19,pos,0.29616144283103374,0.012371573985136664,-0.04970428988269315,-0.23415447054065064
INVA,2017-09-20,pos,0.02469998757620573,-0.041550809172503644,-0.012178028920315498,-0.008877830215258342
LCTX,2017-09-26,pos,-0.018935387951603322,-0.046313778613933265,0.05455027057481976,-0.14297995863544477
VSTM,2017-10-17,pos,0.14394359655001443,-0.09983473240196972,-0.06851638069787702,-0.10194450381257214
CRBP,2017-10-19,pos,-0.12830648123228272,0.012217374546182214,0.1121030373890255,-0.04771104737134113
AMGN,2017-10-25,pos,-0.05740030334075996,-0.0010264238034505269,-0.00017131779905454891,-0.029835028260348118
ABBV,2017-10-27,pos,0.051999391664149464,-0.024961522987780427,-0.011025237559977974,0.08164269307066352
PFE,2017-10-31,pos,0.025420396307048954,-0.036497930132778134,0.021625948284374363,0.05366763200338465
EXEL,2017-11-01,pos,-0.06563995156829261,-0.05266501458419137,0.025918089294179936,0.06783172337292465
INSM,2017-11-02,pos,-0.03959255711243692,0.006029057674604488,0.06069558344137249,0.05760814070226905
KURA,2017-11-07,pos,0.14367874617682608,-0.023216623974397166,-0.04470522904522589,0.0613951899509555
ALNY,2017-11-07,pos,0.04745983028492784,0.052181917950012036,0.03556229429529001,-0.02046515917683589
AXSM,2017-11-08,pos,-0.1280573594527581,0.0007866671730587527,-0.02750548560723476,0.007747907548298016
CRBP,2017-11-08,pos,0.02411974356831692,-0.02004740006639505,0.0433849241204225,0.0696233112663851
MCRB,2017-11-08,pos,-0.5299271663689673,-0.03043170904302528,0.05450888909644114,0.01673450368776841
LCTX,2017-11-09,pos,-0.1755505481358982,-0.060735004064708,0.1388333407754514,-0.06603374015941244
NKTR,2017-11-24,neg,0.7365472776469737,0.09847217783950857,0.049671070881137425,0.06851899700726971
IMUX,2017-12-04,pos,-0.02029995889617542,-0.1278226691229758,0.05854912899229703,0.17636291103347634
AMPE,2017-12-28,pos,0.8261612020631501,0.19462923158650636,0.12899899407358895,-0.5369103231286481
INSM,2018-01-03,pos,-0.028027660683415778,0.0073039337139331195,-0.06519791382846707,-0.21340179311979623
KALA,2018-01-05,pos,-0.09534818113209642,-0.10525256901403512,-0.21800311847274134,-0.027580629116171984
AMPE,2018-01-08,pos,1.045180698572068,-0.3710995046569803,0.015462556754116008,-0.06747235187458855
ELTP,2018-01-10,pos,0.1474116896892923,0.10531848776155561,0.22247815366084644,-0.12777935091594372
EVFM,2018-01-17,pos,0.3294468232110557,-0.05572179658844334,0.08131325334750716,-0.5908379690655661
ABBV,2018-01-26,pos,0.019957796489259216,-0.036066882564090186,0.10481675704378457,0.03406418783336562
VRTX,2018-01-31,pos,0.012188538292915219,-0.012736773425743309,0.05305375480276986,0.002404612082790969
ELTP,2018-01-31,pos,0.05172690288711479,0.15976658049773773,-0.06498727916201075,-0.13764626461291085
LLY,2018-01-31,pos,-0.17470626294365665,0.013723741290021074,-0.028631056712684178,-0.022325910556350692
MRK,2018-02-02,neg,-0.06329665266873441,-0.008582802965756198,-0.0015951294943317151,-0.09158929299094787
REGN,2018-02-08,pos,-0.19828881997509118,-0.009193135833784893,0.05460219379475362,-0.0871951522944654
LCTX,2018-02-22,pos,-0.10508372555563783,0.0027875562896932937,0.02094672398484687,-0.01286007050483673
EXEL,2018-02-26,pos,-0.07024566909487184,0.010488794010441449,-0.07995179252223483,-0.13814760808261717
RARE,2018-03-07,pos,-0.07206636914499853,0.060858469939082394,-0.009281786159697436,0.06527389418290808
AXSM,2018-03-07,pos,-0.15698650968336314,0.01209319218190752,0.01344460952073312,-0.05220719726965928
ACRS,2018-03-12,pos,-0.17943553874513363,0.023208964420088574,-0.06375824670859886,-0.05468320237053703
ARMP,2018-03-14,pos,0.16953756588978797,0.007656102001608822,0.000815842267178013,-0.24517316143945767
LCTX,2018-03-15,pos,-0.08781905629674658,0.01633431355216386,0.02719244147862332,-0.070180988864193
HRTX,2018-03-19,pos,0.013640183546751672,-0.03227407179491815,0.22858461615045744,0.16065116294233794
ZVRA,2018-03-29,pos,0.20704483462702772,0.023513488879927102,-0.06763163170842912,-0.2928945246490793
RIGL,2018-04-20,neg,-0.06510701701957844,0.031606288472961985,-0.10727413079463766,0.05955743474860231
LLY,2018-04-24,pos,0.060106508927911584,0.03765656313970833,0.03126254001397566,-0.045566050095213306
MRK,2018-05-01,pos,0.15554567450469303,-0.026623672882710725,-0.032420030727183136,-0.03256167015913958
REGN,2018-05-03,pos,0.017395952727446762,-0.08536911802119462,-0.01573498811642704,-0.04866966992350363
RARE,2018-05-07,pos,0.02683992919367384,0.06504363542788116,0.05080799400586189,0.13609912862246443
AXSM,2018-05-08,pos,0.2516975673760402,-0.0066890144560538545,0.00023246149187095,-0.027874260350739144
ZVRA,2018-05-10,pos,-0.41694413622088256,-0.05402089586700143,0.1351723025046585,0.09980504885571762
HRTX,2018-05-10,pos,0.14420398219078567,-0.07014417929756034,-0.008944385125741139,-0.057654533059679824
CRBP,2018-05-10,pos,0.06817209441475658,-0.012419957578186036,-0.1764974981774996,-0.0004836433138244445
LCTX,2018-05-10,pos,-0.07644611434818804,-0.057835956653527476,-0.011259691446303677,-0.022583515732963244
ARMP,2018-05-15,pos,-0.09395296338744386,-0.025379146390748453,-0.03402246331208936,0.10590263164105362
VSTM,2018-06-15,pos,0.16122106035917527,-0.031069337830869515,0.4310863095407811,-0.05540556630767579
HRTX,2018-06-21,pos,-0.09937511949242683,-0.034793755741238996,0.3184866070026988,-0.0690525923408174
HRTX,2018-06-25,pos,-0.09421530152800361,0.31602222096626154,0.004467330267815317,-0.09135475907384416
IPIX,2018-06-29,pos,-0.4476463128918471,-0.00046737563148213646,0.4341621272955296,-0.11456823995817544
SLS,2018-07-18,pos,-0.9063707537137882,-0.36533831374879,-0.05765659528845468,-0.41144044654480716
BIIB,2018-07-24,pos,0.11558192162384806,0.01423013616108193,0.09046578810814854,-0.08479136231121132
ACET,2018-07-25,pos,-0.2024779843716198,0.0648318228829794,0.3600183274591844,-0.17730971716729194
ACET,2018-07-30,pos,-0.20983892263293047,0.5303366539882406,0.05138982472620501,-0.399021750586793
INCY,2018-07-31,pos,-0.07541120168160109,0.03934726741576533,-0.06523647980779046,0.0846975420378282
INSM,2018-08-02,pos,-0.08550897549047187,0.01788702348530924,0.06116049043220606,-0.2351310270218554
LCTX,2018-08-02,pos,0.04551406519221812,0.007061613753838958,-0.031114858610693297,0.09432379848166572
OVID,2018-08-06,pos,0.276103622550798,-0.07582055172503166,-0.531213248325314,0.10892104316688411
AMPE,2018-08-08,pos,0.34127169272686775,-0.0604981126971591,-1.7879401325789042,0.122649664969944
UTHR,2018-08-08,pos,0.03820294468779295,0.0615460382020343,0.024715110474999413,-0.08452642964368362
HRTX,2018-08-08,pos,-0.09207512587571953,0.011167412895195294,0.03198254907327547,-0.05156242391662991
OVID,2018-08-09,pos,0.17446575646129192,-0.4782729008473441,0.02782235000734201,-0.03991158416319385
RYTM,2018-08-09,pos,-0.08471783646119446,-0.0021788650707028623,-0.0005223358787436183,-0.040528801952310456
ACET,2018-08-09,pos,0.38902071332964283,-0.12862139708532805,-0.04849023067116853,0.02372325002891973
ELTP,2018-08-14,pos,0.19271843622006735,-0.0800831238253994,0.015140647284105135,-0.033281780519458515
NMTRQ,2018-08-15,pos,-1.5480266524848707,-0.12147925226300238,0.08985191811356064,0.11009977738105992
NMTRQ,2018-08-23,pos,-1.4465382847961923,-0.08479350184308565,-0.0028275306890437335,0.3281053212505025
VSTM,2018-08-29,pos,0.12220832096859002,0.0468082552798883,0.04289387633546049,-0.3014207793331387
IMUX,2018-09-12,neg,-0.07972878608025269,-0.17308722503364038,-2.5310532883343972,-0.3120349442387109
AMRN,2018-09-24,pos,-0.004011530309190547,0.04118139575186053,1.4555415858153467,0.5691799112778604
INSM,2018-10-01,pos,0.04327072966417855,-0.09860596870054872,-0.205837962296334,0.13039984559239626
AXSM,2018-10-11,pos,0.2307285936261494,-0.05160485272348003,0.008254517073327028,0.2377150826752723
ACET,2018-10-16,pos,0.17491442971830917,-0.05864948932647618,0.06614948795962139,0.0068543936652902815
ELTP,2018-10-23,pos,-0.14741045946827747,0.0689530148204689,0.07729163643294878,0.010798365179585545
OVID,2018-10-25,pos,0.05382135699283852,0.03749463474420822,-0.026900449947169447,-0.22401288042802636
MRK,2018-10-25,pos,0.13377889347808303,0.10126195422329198,-0.04181421323218437,0.0882856013883151
AQST,2018-10-30,pos,0.00722951150538087,0.05934675622497787,0.019816667923080455,-0.5477713543203651
UTHR,2018-10-31,pos,0.12725805098859233,0.040909186627417604,-0.13062112224585665,0.059450723451862864
AMRN,2018-11-01,pos,2.20572782470643,-0.02838450859433994,0.0339304262580713,-0.21155546487895283
ABBV,2018-11-02,pos,0.061685996654794906,-0.04765912715758258,0.03186970429794922,0.11258099695037238
ALNY,2018-11-07,pos,0.0481034118003274,0.019321811067604777,-0.17817636377697355,0.09235185092382636
ZVRA,2018-11-08,pos,-0.5531634874138551,0.07332318100827395,0.03557086667853415,0.0701716283159386
AMRN,2018-11-13,pos,0.47484511603978863,-0.06540424993118243,-0.1708447061599374,-0.0037376508661868257
NMTRQ,2018-11-13,pos,-0.36711291622701925,-0.08189342721500825,-0.1391132937481503,-0.15413879486283744
BTAI,2018-11-14,pos,-0.18300504395985495,0.05589589191760069,0.031136323411911526,-0.3903947833393273
TOVX,2018-11-21,pos,-0.7508597892666842,-0.007010488195830611,0.029418435141927546,-0.1794182195667906
ALKS,2018-11-29,pos,-0.07001885371891436,0.03252369081238138,-0.020859589606426088,-0.08185862267152588
SUPN,2018-12-10,pos,-0.01980990396903959,-0.21761021668541947,0.0035841654201269613,-0.05256811025551489
IPIX,2018-12-17,pos,0.18457217528288772,-0.06842273376117802,-0.1874459963180748,-0.05656704458382267
EVFM,2018-12-17,pos,0.13886032294469075,-0.05392907567902139,0.004335856683945316,0.001817059487651207
AQST,2018-12-20,pos,-0.7295215600999501,-0.0553070689386308,0.020866580119868194,-0.05747999097797396
SUPN,2018-12-21,pos,-0.07181788432840586,0.02702925800849698,-0.014975036089798,-0.01633925018195459
BTAI,2019-01-03,pos,-0.767543192228584,0.33393773813768224,0.3733804913877634,-0.08275184566621352
EVFM,2019-01-03,pos,0.2522722402267146,0.01813169066914977,-0.09391430797893907,-0.2623916912034572
VRCA,2019-01-03,pos,-0.3028953209258365,-0.1747310170585301,0.19216583050016656,0.09966146390794783
HRTX,2019-01-03,pos,-0.049817001594842925,0.04328890056326129,-0.02691011818485478,-0.0591584259408644
CFRXQ,2019-01-07,pos,-0.2457730749479783,0.23007006685652875,-1.1142022207526665,-0.4574494507407696
RARE,2019-01-07,pos,-0.09926656515706744,-0.04134423145801236,-0.015941849984340895,0.10772983940834546
AXSM,2019-01-07,pos,-0.25292334191392907,0.11968418964896355,1.1465638072404922,0.092262172633502
ABBV,2019-01-25,neg,-0.03316905227897582,0.007454092153356129,-0.10085261827954284,-0.07214872232274416
PFE,2019-01-29,pos,-0.05360998351364943,-0.05669967985212976,0.022711552480326525,-0.05201951140916217
ALKS,2019-02-14,pos,-0.0818960099092414,0.028512105541909083,-0.0368716212976703,-0.008159305356643554
RARE,2019-02-19,pos,0.13181690427096715,0.023900008524046612,0.08125673999434646,0.05535339449472598
SUPN,2019-02-26,pos,0.016339014523381934,-0.0677955037639899,0.11251162279819393,-0.1986911809199099
URGN,2019-02-28,pos,-0.2549107094316674,-0.129965705402995,0.02353714128415385,-0.05742339198504931
VRCA,2019-03-07,pos,0.037558095958750926,0.07716016394188419,-0.07712941657948491,-0.12021702632657227
SCYX,2019-03-08,pos,0.42661669023712534,0.03516694230582029,-0.02027968555345172,0.2053891213990262
HRTX,2019-03-11,pos,-0.032091399456208425,-0.03871226134794936,-0.06656764201879417,0.007244155905365091
LXRX,2019-03-13,pos,0.27297685781132874,0.08246579292357525,0.015422873331514708,-0.18371754675949314
CFRXQ,2019-03-14,pos,-0.3206328969957575,-0.04540284542111106,-0.0857928458728443,0.4789983663655031
MTNB,2019-03-15,pos,0.2176303502124406,-0.11097986494356515,0.053667326159252404,-0.1609051776281185
TGTX,2019-04-01,pos,0.36688210941765487,0.10425225732236054,0.015147637203358322,0.03438553126036048
UTHR,2019-04-08,neg,-0.056474013502429976,-0.012376029106915709,-0.0624743545408073,-0.030464405695368235
PRTA,2019-04-18,pos,-0.21529167356651646,0.02848225946419669,0.0073716820505294045,-0.1016386414121726
ALKS,2019-04-25,pos,0.058827027861495296,0.03476628087925526,-0.1457421512052246,-0.17530459113689245
LLY,2019-04-30,pos,-0.00461061821417541,0.02056471620010747,0.02375734743181468,0.011314350517946714
VTGN,2019-05-02,neg,-0.17066666567183963,0.02124949566797607,-0.6588730535024094,0.49908369414231
VCEL,2019-05-07,pos,-0.03695415601287433,0.0512615952459039,0.011514664918624629,-0.06250392470749544
VRCA,2019-05-07,pos,-0.11249115399790188,-0.0892762820369688,0.046351283626477446,-0.2688155495713769
TBPH,2019-05-07,pos,0.07488992957865692,0.022221006706358182,-0.0887028279181119,-0.30196392891244495
RVLPQ,2019-05-07,pos,-0.44823757025234334,-0.06391084118072454,-0.06623979223312904,-0.34249021868296325
EGRX,2019-05-08,pos,0.07498087802215236,0.1245614331676328,0.00882821247738974,-0.07303313711831372
RVLPQ,2019-05-09,pos,-0.44877165916210715,-0.11481186928301379,-0.1473814271748053,-0.22699784581804328
HRTX,2019-05-09,pos,-0.23246053280439227,-0.0518517103363636,0.06805379637783338,-0.0032894895334556473
AXSM,2019-05-09,pos,0.25814390850568936,0.11643199600924037,0.07610150468733234,0.05845753636214335
ALT,2019-05-14,pos,0.07954900890187111,-0.08170062849007431,0.0016982347358265315,-0.10734904768746689
AGIO,2019-05-15,pos,-0.1536116683891242,-0.044114434882640996,0.018340052828814457,0.0022216648864650246
EGRX,2019-05-22,pos,0.22911689515630274,0.003460713748168587,-0.019114323658141252,-0.03086579497404074
EGRX,2019-06-04,pos,0.13180494678628518,-0.0006500173972336931,-0.013349167188991817,0.003087316734689427
SVRA,2019-06-12,neg,0.03262125212090616,-0.028027668408423523,-1.4106135680103828,-0.07745934951092148
EXEL,2019-06-20,neg,0.0009689234264502744,0.005159245933808787,0.01579598095287693,0.014399763369589369
VRCA,2019-06-27,pos,-0.07768719643968769,0.058452903969030245,0.15794049387164133,-0.03928138377414303
JAGX,2019-07-23,pos,-0.9823661962102577,-0.34606197869941546,-0.08910464967978271,-0.38270927700695445
BIIB,2019-07-23,pos,-0.012304256338684816,-0.0011270563910601439,0.03489485721895225,0.0006793707446837161
ALKS,2019-07-25,pos,0.012876896933798676,-0.05073844205278144,-0.10234489329525331,0.08683562026039704
ABBV,2019-07-26,neg,-0.16794204923546863,-0.01037351459100444,-0.00791505637232115,0.054870678530860584
ALKS,2019-07-30,pos,-0.005080765271750831,-0.043858820723089664,0.055197322714514385,-0.06201282549649312
INCY,2019-07-30,pos,-0.03556928913777746,0.020288530141048255,0.053867411085260386,0.025746481101349694
VTVT,2019-07-31,pos,-0.03668740392047276,0.015544530571951931,-0.07240788665394993,0.055256006004955616
AGIO,2019-08-01,pos,-0.09871388463624742,0.03752140181179664,-0.114828353613603,-0.07870809366853937
AQST,2019-08-06,pos,-0.18694103051989663,-0.04099174500348157,0.09264232130489725,0.10647366988009321
RYTM,2019-08-07,pos,-0.10338524834792473,0.017743131391684486,0.12747468930263484,0.006145117491219931
VRCA,2019-08-07,pos,0.2689363197175991,-0.14564125172096443,0.00548400674309768,0.05212668699377154
BCYC,2019-08-08,pos,-0.25732582011946237,-0.11297671112935848,0.04917579202112843,-0.0701495738967639
CALA,2019-08-08,pos,0.10416644574718692,-0.05587548439205925,-0.07772622563262654,0.17296305545078194
AXSM,2019-08-08,pos,0.0609521770333048,-0.010427054667955016,0.013875630445039366,0.028722430905034457
TVTX,2019-08-22,neg,-0.15346670686278996,-0.01256849262031956,-0.2391843541591263,-0.08097344304512655
ARDS,2019-09-03,neg,0.19600262420170056,0.04163421084773189,0.019314869016694658,-0.4433040411782836
KURA,2019-09-03,pos,-0.13259646423831262,-0.031330657340848944,0.018987992073208115,0.008975926033348625
ACAD,2019-09-09,pos,0.24334441454685862,-0.139040555699931,0.5211964276617302,0.0013123350436945458
LCTX,2019-09-19,pos,0.03470151029467283,-0.04115529625423295,0.06858952779750134,-0.07027997759386737
JAGX,2019-09-24,pos,0.037440870049463726,-0.1047899837963504,-0.059421670355853884,-0.5757178466534896
RYTM,2019-09-25,pos,0.24519424036537218,0.02280809312692078,-0.040098382981633485,0.00514506995036168
VXRT,2019-09-25,pos,-0.019377161779103425,-0.23006416824894083,-0.4556751227988617,0.08210074401104994
CFRXQ,2019-10-02,pos,0.007261861553427451,0.029807821061774042,0.053473337207718075,-0.2627230954494877
HRTX,2019-10-02,pos,0.12694537449059862,-0.027025832659909543,0.07101618511536945,0.030600571402203514
EGRX,2019-10-02,pos,-0.013252101286767015,0.08040697033662703,0.019837855007790672,0.005493324592545257
JAGX,2019-10-03,pos,0.14342279623214793,0.08722600165720262,-0.31053853460656633,-0.3507757591030263
RYTM,2019-10-16,pos,-0.08517055271389218,0.008794625831828995,-0.004689996599334556,-0.051303320886009196
VRCA,2019-10-18,pos,0.4137767055508794,-0.054309547309864925,0.0039922667526850475,-0.08052550402813097
BIIB,2019-10-22,pos,-0.011499060113408177,-0.02682103324775653,0.21687387046299555,-0.05750140471605025
ALKS,2019-10-23,pos,-0.15514832009949853,-0.013213928706330869,0.06268400490677939,-0.05632450082688445
LLY,2019-10-23,neg,0.008598366438755,-0.00785337764039884,-0.01104199620468549,-0.021003068063848218
INCY,2019-10-29,pos,0.040046187890673046,-0.004272652510979746,0.0547644152989708,-0.0038600254216127894
MRK,2019-10-29,pos,0.028939557711244568,-0.01031224188529567,0.056025228389795956,-0.10493109387964861
AMGN,2019-10-29,pos,0.0917885269554164,-0.020443495742945572,0.0365090449197476,-0.005517458654572316
PFE,2019-10-29,pos,0.026958559137458593,0.0017423988949012426,0.03996012799929982,-0.11316900869856283
ALNY,2019-10-31,pos,0.0714839226977606,-0.03888260272999844,0.019479044815220448,0.13959693643111315
RYTM,2019-11-01,pos,-0.08007973478861219,-0.019257657284844854,-0.012250131646617923,-0.07896253949743226
OPK,2019-11-05,pos,-0.3839080027806993,0.022546072712061493,-0.0028403489797073633,-0.04623820293143566
VRCA,2019-11-06,pos,0.06696050339090309,0.08963291772896298,0.022666170630651017,-0.23031371925221134
SUPN,2019-11-06,neg,-0.04181776739695664,0.03336571160647539,-0.3054678432782092,-0.092157902071762
EVFM,2019-11-06,pos,-0.01317013522994337,-0.024122737434897346,0.020572158690362663,0.10084085080363092
AXSM,2019-11-07,pos,-0.13436365792853122,0.06633926011160396,-0.038756258057065285,0.4615459635563668
TNXP,2019-11-08,neg,-0.20971521415570926,-0.2996376776110985,-0.05226463895001299,-1.0844210627170296
ANAB,2019-11-08,neg,-0.010037778289452959,-0.04595613690015776,-1.2693270447487501,0.16298990846635375
HRTX,2019-11-12,pos,0.05066491101111614,-0.036732163157095155,-0.029641541475393218,0.12799418590105338
AKBA,2019-11-12,pos,-0.09419094639913261,-0.06753960451387186,-0.10706539873031651,0.5279287584967574
VXRT,2019-11-12,pos,-0.14366690078994027,0.022393918544741487,-0.035537909292744585,-0.2048664062490586
ARDS,2019-11-13,neg,-0.4077102760593403,-0.034927994638540794,-0.022088543307158037,-0.2194104554469043
BTAI,2019-11-14,pos,-0.5531582759915601,0.09517725107924324,0.11079025272186271,0.15897234450386133
ACET,2019-11-15,neg,-0.05467820532995926,-0.08669093662741645,-1.95826735987547,-0.10536420020907933
ARDX,2019-12-03,pos,0.18907153746142535,0.12178461902116777,-0.08669205377946354,0.07651878215542962
GYRE,2019-12-20,pos,-0.30851115463993395,0.46366120215918105,-0.07984493741495458,0.004721334784283382
OTLC,2019-12-27,pos,-0.4668616367373104,-0.012172923879203879,0.029632529163463595,-0.08583011458926637
RYTM,2020-01-08,pos,0.0025591979923960118,-0.061087560305547406,0.0054697974250914605,-0.19309917610753002
DARE,2020-01-09,pos,-0.07036635474598141,0.014322667213948481,0.005808025032223885,0.3947269503463873
INFIQ,2020-01-09,pos,-0.17551755518859724,0.009093717448718869,0.16367668691651516,0.07180725505078189
BCRX,2020-01-13,pos,0.2565874855463389,-0.04109594798950367,-0.14349438306839257,0.03432556347828197
AXSM,2020-01-13,pos,0.9171792547622508,-0.06921096803635951,0.010467853674316352,0.013669455835843891
INCY,2020-01-16,pos,-0.22943580877422498,0.027170427474828784,0.0003338942682926671,-0.034277425781376714
GYRE,2020-01-17,pos,0.19177160240098834,0.0620726966605023,-0.0015834729197359287,-0.11500647489369964
PFE,2020-01-28,pos,0.049318033799032435,0.0453161794121093,-0.0824719027779941,-0.06855596567371114
MBRX,2020-02-03,pos,-0.03474271897721071,-0.025073952893994722,-0.03323339385480484,-0.24307324145831988
BCRX,2020-02-03,pos,0.06218684582835032,-0.10790463268741513,0.030524275100324738,0.05577612783038832
INSM,2020-02-03,pos,-0.10552972657420856,0.050774582182798955,0.4250169000750268,-0.23831909539378104
MBRX,2020-02-05,pos,-0.08442888705080609,0.0008069725177932696,-0.08375390543401373,-0.16771834678679642
ALNY,2020-02-06,pos,0.06333083004229323,-0.00891816426727221,0.03912115192884791,-0.04499362630548287
GYRE,2020-02-07,pos,0.05063511180714819,-0.018454491357261738,0.1149364943360176,-0.3348455139860511
DARE,2020-02-10,pos,0.3254767762168913,0.06475270690496604,-0.014994173765198404,-0.017775748146928727
ALKS,2020-02-13,pos,-0.06551566535238029,-0.020729399460723386,-0.06274546390002556,0.15874432744039613
INCY,2020-02-13,pos,-0.16423689871115954,-0.01889617590765269,0.04339864661644466,0.1943944706627434
IPIX,2020-02-13,pos,0.303100725573505,-0.03832996934403665,0.1589629892142299,0.5173195838650635
GYRE,2020-02-14,pos,0.22064445913920938,-0.2860859625441745,0.0005687269503678039,-0.17904922917152621
GYRE,2020-02-21,pos,-0.03332747508618317,0.0403816639913277,-0.029141735643786415,-0.19174603196805196
EXEL,2020-02-25,pos,0.1121335961396226,-0.012186519705781329,-0.0509268980485329,0.04467912490755355
VNDA,2020-02-26,neg,-0.2125534597898664,-0.08234012278877945,-0.0026494825458796,-0.021516263631653487
OPK,2020-02-26,pos,0.061993162688540604,-0.06379589263961538,0.07452961555084453,0.09459701458447217
IONS,2020-02-26,pos,-0.051719285506937496,-0.033093119602179755,0.002166017834529299,0.02082099988829178
SUPN,2020-02-27,neg,-0.03782523211603195,-0.1373333835410122,-0.05561364300145666,0.030510420788355308
ANAB,2020-03-02,neg,0.04089954224016923,-0.0003426062497946525,0.13664256756240123,-0.05878282646757471
KPTI,2020-03-02,pos,-0.1928551914663048,0.15145121825180485,0.40224402353489097,-0.06556503113826118
VRCA,2020-03-02,pos,-0.08268780519720931,-0.10680745874981579,0.0017949930244309797,0.09312037506178417
RYTM,2020-03-02,pos,-0.11617998275435903,0.11395176553647834,0.01950620942989323,-0.16043484853185852
PTCT,2020-03-02,neg,0.08929353268659135,0.05087509418668912,-0.06560973715603557,-0.05480191553382996
BCRX,2020-03-05,pos,0.014979646707517391,0.16997228342293136,0.20336832572151864,-0.5541803677198957
ARDX,2020-03-06,pos,0.026540158234966915,-0.08801325737998544,0.03563186270037333,0.04220258658464382
VRCA,2020-03-13,pos,-0.198900749103613,-0.1458941393917268,-0.057937707286071394,0.20226053174152625
DARE,2020-03-16,pos,-0.015192542982525037,-0.006956063146424718,-0.012656395164218903,-0.023163709564969714
MBRX,2020-03-19,pos,-0.35211987497533404,0.06295509993847759,0.2049741408020367,0.41210619242253443
MBRX,2020-04-02,pos,0.008319819215073743,-0.007973324587744024,-0.03207618153399139,0.43640755986791024
VRCA,2020-04-17,pos,-0.03114123478837527,-0.04019141233104051,-0.09678929727347363,-0.10877681493737601
DARE,2020-04-27,pos,-0.16969702220782734,-0.005778556481678798,0.05601835651988285,-0.11643985023085524
UTHR,2020-04-29,pos,-0.04468478739273429,0.00010460131307432619,0.018289105078147294,-0.045009001844294794
PTCT,2020-04-30,pos,-0.0026680480960608044,0.059167586721218246,-0.05595495150453944,-0.07623930594677297
EXEL,2020-05-05,pos,0.2427917053139157,-0.039577659204801385,-0.004858122185749991,-0.18146783213001916
TGTX,2020-05-05,pos,0.1298047318436919,0.03677224412762392,0.4048722754803413,-0.12913385751387452
KPTI,2020-05-05,pos,-0.024017985260416097,-0.15472307384745942,-0.09864791607133139,-0.1480410592979693
REGN,2020-05-05,pos,-0.13386548796709796,0.02300467883506041,-0.005144512549707159,0.028827552755504193
IONS,2020-05-06,pos,-0.022091535907545534,-0.0022287689334987704,-0.08713418739577605,0.008301236848765825
OPK,2020-05-06,pos,0.14005039794879776,0.0043893492658799715,-0.17162248029773486,0.11258864033853655
VRCA,2020-05-07,pos,-0.10820144064894777,-0.22527930282599495,0.08371115961620745,0.08269804895429367
KALA,2020-05-07,pos,0.054058339890525886,0.10606936888726626,-0.04392043390974276,0.1515375897862734
OVID,2020-05-07,pos,0.13810910535027177,-0.03715225108708631,-0.018716495670635158,0.3326326431455562
BHC,2020-05-07,pos,-0.03463148277629324,-0.10485023813589667,-0.03426891228821827,0.10202360503264041
OCUL,2020-05-08,pos,-0.052536752378331775,0.06650668394747195,-0.07853896099837265,0.1641347107500799
NMTRQ,2020-05-11,pos,-0.15017972272351088,0.04095389594142196,0.279760224529193,-0.12937845707428064
TGTX,2020-05-11,pos,-0.05019146228488003,0.36992889985136124,0.03275888000255733,-0.1141798718860434
PLX,2020-05-11,pos,0.06329975441880842,-0.004246449177386147,0.029926962547261793,0.10542589875295905
JAGX,2020-05-22,pos,-0.20353170285013356,0.24255114944045264,-0.3742186483175569,0.1790654453173195
ACET,2020-05-28,neg,0.2924213633992734,0.08849622328411666,0.03298316171678639,-0.1116149024219446
NERV,2020-05-29,neg,0.5857022726523646,-0.05679431033674209,-1.1781975224554602,-0.24369901121157822
PLX,2020-06-01,pos,-0.34375052830888886,0.13445688716237214,0.007555709316519721,0.08589558233883898
DARE,2020-06-08,pos,-0.09492687748953177,-0.017394240589915455,0.021890795656739126,-0.15828722822581254
VRCA,2020-06-10,pos,-0.0590159574121607,0.04534340023220995,-0.049395530755160344,-0.4214526313361455
KPTI,2020-06-22,pos,-0.15393433756580777,0.02643649877161458,-0.008008676573772355,-0.07062210234683963
VCEL,2020-06-30,pos,-0.11601733867419695,-0.060982807386122495,0.0736450806854303,0.13781010435698393
ACAD,2020-07-20,pos,0.04173518918145103,-0.009474894373024956,-0.19959914478750163,-0.09168943111331318
AMGN,2020-07-28,pos,0.006388149921665587,0.006693372931017905,0.023114835376366827,0.006590079164121576
UTHR,2020-07-29,pos,-0.13125439396289185,0.041102189253584775,0.005141323938119058,-0.04837158328310753
LLY,2020-07-30,pos,-0.10723892042951988,0.041730253256308636,-0.06392735473285693,0.009485136144139261
GILD,2020-07-30,pos,-0.08125260006344792,0.0059767671095469765,-0.03928029836326097,-0.04550111679726632
ABBV,2020-07-31,pos,-0.042981136086467586,-0.008671066584057918,-0.018396598478972237,0.027456085209962566
IMUX,2020-08-03,pos,0.09984296285797267,0.08427727689806641,0.083860212016865,-0.1754908877205832
INCY,2020-08-04,pos,-0.07697928266920151,-0.0035533397497289343,-0.045946720462540114,-0.005664081519248576
KPTI,2020-08-04,pos,-0.11213515056226875,-0.05304174845773346,-0.07158613242692358,0.01678187889942162
EXEL,2020-08-06,pos,0.010827781669310976,-0.05265126604271719,-0.026274798161391555,-0.008340183553306346
MCRB,2020-08-10,pos,-0.18257158591724298,0.12616939176122255,1.5036843562606315,0.2066936131540098
TGTX,2020-08-10,pos,0.09213448628891019,0.009088822981389022,-0.08689430269196263,0.31111394617960064
PLX,2020-08-10,pos,-0.08621904776512612,0.005586601499866228,0.06270801388721958,-0.027673893967124163
OVID,2020-08-10,pos,-0.1509030810973644,0.06019009558446475,0.016740545253521644,-0.19232728653192077
PGEN,2020-08-10,pos,-0.09596781869439974,0.08999646873095779,-0.018420450928947396,0.10047800565598752
MBRX,2020-08-12,pos,0.08787547332680656,-0.0008842646106108631,-0.09457102100323311,-0.1850187061430999
UTHR,2020-08-17,pos,-0.09033338686423065,0.019862968569629658,-0.012372938854385396,-0.04454372152678587
TRAW,2020-08-24,neg,0.5991892435837238,0.0034504486216810903,-1.235638884287665,0.07424716764271899
OVID,2020-08-25,pos,0.13608770111951451,-0.20185728389108704,-0.0494300453359231,-0.0482891843429436
IMVT,2020-08-25,pos,0.11215145946313498,0.23480602195595912,0.031918911826609,-0.027568252263093118
SPRO,2020-09-08,pos,-0.10510084936246678,-0.13315396017249048,0.3479610618686193,-0.12241207315370595
CRBP,2020-09-08,neg,0.29917992971155805,0.05630589973131883,-1.3409487363715176,-0.7810772057796123
DARE,2020-09-09,pos,-0.09906863294277679,0.014865824775452285,0.022844901019968056,-0.07141687105648176
IMUX,2020-09-11,pos,-0.09238585341190486,0.17261192744959963,0.031334235157936874,-0.010623354722651968
SPRO,2020-09-16,pos,0.09618355728748984,-0.3070690879249516,-0.019116840519178613,0.2652202684555034
AGIO,2020-09-21,pos,-0.10237006364272849,-0.03959727561277937,-0.01958639242307525,-0.08496441489785012
SMMT,2020-09-29,pos,-0.050445230166241695,0.0722284710409451,-0.013090179526303203,-0.08494507134511675
ARQT,2020-09-29,pos,-0.05759385774998371,0.07281192988346996,0.08627218082929744,-0.37367645902091917
OVID,2020-09-30,pos,-0.2783479587241282,0.007558429073504014,0.0014827066505154196,-0.17119078081514183
DARE,2020-10-06,pos,-0.12390544243665991,-0.016615290110260084,0.05124865463881623,-0.09499261495057043
TENX,2020-10-15,pos,-0.15665047511463026,-0.08416657276832584,0.0023786369078289127,-0.12638257996965496
ACHV,2020-10-22,pos,0.057461909421292034,0.05086435882751461,-0.0192912922781594,-0.04565161152896202
CRNX,2020-10-26,pos,-0.06435346991013136,-0.12596159375303095,-0.05511920445208718,-0.089623360402451
PFE,2020-10-27,pos,-0.03237841702130195,0.01716124816974629,-0.05128561884224725,-0.004057627925241114
AMGN,2020-10-28,pos,-0.09313313394910772,-0.05444134332581019,-0.006477304287098029,-0.07787577228232845
UTHR,2020-10-28,pos,0.10489937895416723,0.00748627432367055,0.07311051599225404,-0.059674747791458316
KPTI,2020-11-02,pos,-0.028983106035568973,-0.03788993019265963,-0.06660962846115481,0.03458055166565277
CYTK,2020-11-04,pos,-0.30624865727829453,0.07140413470713147,-0.009257946589869448,-0.0911461846123407
EXEL,2020-11-05,pos,-0.17964640549221578,0.011780423700071818,-0.06152078740913591,-0.21494744052826853
SPRO,2020-11-05,pos,0.30030567171162437,-0.03352834848859487,0.011576627051769872,0.115688179475955
CRNX,2020-11-06,pos,-0.19293025839529676,0.023381629801347614,-0.060844806153747655,-0.024580562596877797
TGTX,2020-11-09,pos,0.035344103481823375,0.01812882706457053,-0.019414351336914493,-0.06421624362524136
ZNTL,2020-11-09,pos,0.26184577028257205,0.014375707416119266,-0.0747279966851595,0.2557645333772669
VRCA,2020-11-10,pos,-0.10928040979048426,-0.02569599687694435,0.08854737558788717,0.034286414998922154
BTAI,2020-11-12,pos,0.11620352318747518,0.045775488752431315,-0.05259768985149105,-0.3594938962312151
OVID,2020-11-12,pos,-0.17535319043980935,-0.050933948532858375,0.16199485496559252,-0.9874898561618685
IMVT,2020-11-12,pos,0.23561124695396796,-0.006042506429252192,0.019766211336300188,-0.20066901154359007
DARE,2020-11-18,pos,-0.017471149775472483,-0.0337343297689241,0.20471814909792396,-0.3145892412112077
OVID,2020-12-01,neg,0.05566603912926027,0.059537534422045235,-0.8432239848478666,-0.2921739059783901
AGIO,2020-12-01,pos,0.1574517484147031,-0.0009855070628428386,0.005228317238930025,-0.12457427987712721
SPRO,2020-12-03,pos,0.09531870511540808,0.03574727850836679,-0.015339417848275971,-0.008338452635052285
NMTRQ,2020-12-07,pos,0.11049803418678694,-0.06540575939144411,-0.13037261848274895,0.4653900768743715
TNXP,2020-12-07,pos,-0.2231544866436801,0.009987890422991086,0.0028777003081881247,0.13257198878944276
DARE,2020-12-07,pos,0.2627063692374887,-0.008849964350580386,-0.16381279710445495,0.010000232607161763
DARE,2020-12-09,pos,0.28718599329222894,-0.19558669324426292,-0.1203022837984351,0.1061004956662095
TGTX,2020-12-10,pos,-0.06982093652477017,0.03785902080434056,0.3199236789276476,0.17584156630104886
AGIO,2020-12-21,pos,-0.38187650691475294,-0.038129796089056534,0.2060740292438048,0.13420582612135146
SUPN,2020-12-23,pos,-0.3265651610075224,-0.004668411906305181,0.1379679781052987,0.12963159571380878
ATYR,2021-01-04,pos,0.0876542701113725,-0.02286336595414329,-0.0054151633921035724,-0.13235139375840066
ATYR,2021-01-11,pos,0.010309494749671577,-0.05664315696219924,0.03097651517976252,0.4487530135025197
DARE,2021-01-11,pos,-0.12799236281947923,-0.007102566425541301,-0.028142468882555782,0.46303064942252714
LPCN,2021-01-12,pos,-0.19981418449777877,0.06801538698852205,-0.0909942616653181,0.20318104092452582
BCRX,2021-01-22,pos,0.06271168383396031,0.08057764701414794,-0.0402228192452907,0.21847736577955734
AGIO,2021-01-26,pos,0.20251531951179347,0.04268877593067266,-0.04553092830279182,0.13781840411026547
ARQT,2021-02-01,pos,-0.15988314827881078,0.031890720734057076,0.21420414975780488,0.07600739658914213
RYTM,2021-02-03,pos,0.04512550942646287,-0.07226634989249048,0.03586045683746519,-0.04504756348641514
EXEL,2021-02-10,pos,0.028509220109459665,-0.061786207108944335,-0.003381761329221078,0.15428919156653853
KPTI,2021-02-11,pos,-0.16022967681528488,0.05172365668399603,-0.019612522854398406,-0.09747634515778358
ALNY,2021-02-11,pos,0.058002799079007517,0.007130948661057346,-0.016545361497344757,0.00986804531898855
DARE,2021-02-16,pos,0.4374316395405029,0.01124498841478605,-0.00821904582994648,0.03783687806865954
PLX,2021-02-23,pos,0.17899323980655613,0.12206740167147911,0.08763670629511155,0.013942637791376278
UTHR,2021-02-24,pos,-0.026684596902875946,0.06136625226156234,0.005550763396434455,0.08319067502148947
BCRX,2021-02-25,pos,0.3076168747066985,0.11162088569245787,-0.057375419818194384,0.08359296780597125
LPCN,2021-03-01,pos,0.11917004866787106,-0.07686005417330755,-0.017678272151878005,0.010365168186075469
ZLAB,2021-03-01,pos,0.04428040997320615,-0.08115017299256522,0.011116837240604305,-0.021921179253961753
RYTM,2021-03-01,pos,-0.24442720742665136,0.01836021446892122,0.039694193460814375,-0.15221679681042888
TGTX,2021-03-02,pos,-0.11780873509795287,0.0009259181662342186,0.028270489127821374,0.1305220896842365
VRCA,2021-03-04,pos,0.293260942451532,0.1118396252246141,-0.09234863999463272,0.126219013713869
DARE,2021-03-08,pos,-0.38544212139194833,0.06298111240613613,-0.017359486635121435,-0.08156793090018377
IBRX,2021-03-10,pos,0.4511170692691171,0.19180983776546556,0.006395192913878578,-0.496548203927329
SPRO,2021-03-11,pos,-0.016600838551585007,-0.0029312299033881217,-0.0367257785136057,-0.12458288217946212
LPCN,2021-03-11,pos,-0.21566258260214832,0.01860037502953782,0.0731062343207225,0.047098679058724446
TNXP,2021-03-15,pos,0.15675875836100417,0.1368765250261026,0.0042408044725297245,-0.029376552826975377
SVRA,2021-03-16,neg,0.2639737685775515,-0.08730643452965225,0.27955491445758573,-0.18921451626191654
LPCN,2021-03-30,pos,-0.06939782034176467,-0.04761146753821732,0.0425474015406202,-0.05619489467208272
CRNX,2021-03-30,pos,0.17222986848980337,0.014800667245026933,-0.05465199601053383,0.127230977367073
PLX,2021-03-30,pos,0.21819865603058042,-0.02093056763149148,-0.09989248566326236,-0.15585696422222295
UTHR,2021-04-01,pos,0.1467586492960029,-0.009684818079268354,0.12005417866489321,0.059298374896703976
ACAD,2021-04-05,pos,-0.5054548133083063,-0.03989551980810635,-0.20004578830577868,-0.019001952297208913
DARE,2021-04-08,pos,-0.04750530350399096,0.03507152473270558,-0.02582621022672349,-0.18008278531042698
RIGL,2021-04-13,pos,-0.12547570554450704,-0.017105690127603435,0.14759450570081745,-0.0909167865538838
BCRX,2021-04-14,pos,-0.0004080163169843942,-0.049880823887575865,0.12240486778333848,0.16929466167570117
BIIB,2021-04-22,pos,0.0706636319524403,0.0031491347812711012,-0.03857783594955233,0.13864743742721952
BIVI,2021-04-27,pos,-0.5249904642489929,0.6352435696676473,-0.14029253882750048,-0.23253806280591682
BHC,2021-04-27,pos,-0.026436621466900956,-0.00017475947367051603,0.04971593569150734,0.07691866789328783
LLY,2021-04-27,pos,0.04483178574472557,-0.09783816745988005,-0.041515906070459074,0.21986075549039974
MRK,2021-04-29,pos,0.09557667901040823,-0.048786546495367844,-0.011952060994176783,0.07945521152484947
DNLI,2021-05-03,neg,0.022204371306673742,0.021127776145998034,-0.031976877078528254,0.1281815703618534
ARQT,2021-05-04,neg,0.023600870965478915,0.16783027743517787,0.02159684624960745,-0.2244902042961927
BHC,2021-05-04,pos,-0.014536394080225445,0.03721328368266619,-0.05802562922297394,0.13199910669993953
RZLT,2021-05-04,pos,-0.14083247556591183,0.1353034570758338,0.0391017537247178,0.6218695255086457
FATE,2021-05-05,neg,0.05367063784660964,-0.07076655011321176,-0.008448629621238268,-0.1380041360645965
NBIX,2021-05-05,neg,0.11074093768663218,0.007791245704001248,0.009370404516108266,0.043274655708559706
RIGL,2021-05-05,pos,-0.03430626093109135,-0.020898672470405888,-0.021491190142697292,0.14479692558317625
AMPE,2021-05-05,pos,0.14159293092908865,0.04777695944560634,-0.08294253506439286,-0.014307912887443486
UTHR,2021-05-05,pos,0.25174816534052624,0.022219191478363598,0.015217932465968254,-0.10018042533426286
LPCN,2021-05-06,pos,-0.07710977146367837,0.05026063545904025,-0.0009397683658871614,-0.11458830015825505
APRE,2021-05-06,neg,-0.08896445678989284,-0.011638888640529643,-0.010199128937183666,0.10301141305631933
REGN,2021-05-06,pos,0.03539772627380966,0.07329756607288207,0.028331901497688605,0.03772414807032032
EXEL,2021-05-06,pos,0.08662351299806392,0.049036040947851856,0.04552340931046173,-0.10784413507675294
BIVI,2021-05-10,pos,-0.013875865813757216,-0.06323044134939604,-0.012232123527264882,-0.021203456858958525
BTAI,2021-05-10,pos,-0.22352111540315622,-0.018974285772615396,0.09900882530864674,0.0716419248959701
PLX,2021-05-14,pos,-0.32321016791632085,-0.015496415710442246,-0.02637714026973481,-0.33115357218485764
OTLK,2021-05-14,pos,0.023878090293540044,-0.06999015203632242,0.11492057400802747,0.06435474088063842
DARE,2021-05-17,pos,-0.1745672296523728,-0.022918957382159988,0.0504000199363599,-0.07011465014020102
APVO,2021-05-26,pos,0.04075885602130924,0.006725859572550341,-0.05424556334546082,-0.07276292123248052
EQ,2021-06-11,pos,0.12790165080311877,-0.06383152294835548,-0.1572836363674608,-0.024078253286916595
AGIO,2021-06-11,pos,0.13571202050130715,-0.03856688268348574,-0.025729970620614218,0.017760838315597383
LPCN,2021-06-14,pos,-0.07838158310289334,0.022170540852465948,0.010279954508140676,0.028892789591179913
AXSM,2021-06-15,pos,0.10194156711558033,0.008061106897239156,-0.005676201339402276,-0.08510183808710714
CRBP,2021-06-24,neg,0.23727997290954272,-0.03889283450689085,-0.08357620502296914,-0.20113955461465016
DARE,2021-06-30,pos,0.012070645873455632,0.10566905365143509,0.050560800142205764,-0.04547829265878178
MBRX,2021-07-13,pos,-0.07441247825045405,0.027366655132267326,0.008534186889629147,-0.11474114702054372
CYTK,2021-07-19,pos,-0.12813203665825545,0.04466815890293585,0.3925403974102095,0.12363062795196722
MCRB,2021-07-22,neg,0.08651966041950487,-0.0063977375648969215,-1.0071322403845784,-0.13957438033951863
PFE,2021-07-28,pos,0.08265984512567215,0.08342213010036126,0.007622065377035803,0.07325628457385758
AGIO,2021-07-29,pos,-0.08699827032544816,-0.017332906253610503,-0.008071548335993661,-0.13106077039251085
CYTK,2021-08-02,pos,0.3296279871801544,0.05769345668443826,-0.040417356262454796,0.07161224271273126
ALNY,2021-08-03,pos,0.08098115597433697,3.301539677025289e-05,0.023333292851137166,0.031121454196023635
LLY,2021-08-03,pos,0.19110923333918794,0.004627057946735569,0.055373816526627095,-0.07526318793333076
MCRB,2021-08-03,neg,-1.0376989196872035,-0.020416120909840352,0.0015030974896763638,-0.1632588990122148
INCY,2021-08-03,pos,-0.012464902409881518,0.019824214768854098,-0.021500678210172097,-0.07348403749735777
RIGL,2021-08-03,pos,0.04402637219554517,-0.017596202001684436,-0.08186922375079586,-0.04383993054377333
UTHR,2021-08-04,pos,0.08610050275974945,-0.006705667636245138,0.09132277972154856,-0.006769443341566372
ARQT,2021-08-05,neg,-0.04422486674851411,-0.12544976117815976,0.011016184217734537,-0.03751200627245854
CYTK,2021-08-05,pos,0.3475717754118226,0.008056359778563227,0.055610269910951526,-0.018028904372141774
DARE,2021-08-09,pos,0.19394578560928988,-0.020520567821570523,0.042973315842590676,-0.018494743456954676
ATHXQ,2021-08-09,pos,0.12852385857975612,0.004997636274650663,0.006383806929454394,-0.03521610530518382
EQ,2021-08-10,pos,0.10015500343494521,0.000611956699134053,0.04130736689058523,-0.1157792061781262
RIGL,2021-08-13,pos,-0.06847992867884889,0.08458405446031003,-0.08605968283362708,-0.020020807616777603
CYTK,2021-08-19,pos,0.5302518182659708,-0.02787465479022133,0.0059289262781523355,0.01906763267588074
TBPH,2021-08-23,neg,0.07564445508912554,0.04011235460154161,-0.464069867484024,-0.2828274506857207
LPCN,2021-08-25,pos,0.13689002057741817,-0.05632332566457787,-0.05739607928194701,-0.21366497590009237
CYTK,2021-09-01,pos,0.09022667589806765,0.0030197955315340863,-0.010854747784036611,0.14669482009897505
SUPN,2021-09-03,pos,-0.06209638293836006,0.010805381426013838,0.008477722868573512,0.05654934569797776
DARE,2021-09-09,pos,0.11511345681540863,-0.020102551811315372,-0.013549125838787646,0.030351178007957724
ATYR,2021-09-13,pos,0.11164542348302153,0.01675524514199145,0.5170628256180962,0.08449956871674269
TBPH,2021-09-15,neg,-0.5293746731874882,-0.05233104919405873,-0.1741839592164771,0.17521993407479686
DARE,2021-09-30,pos,0.10025560519863408,-0.013083242435607545,0.0017899333147792795,-0.11551288318997743
CYTK,2021-10-01,pos,0.021385747205721728,0.11223009185099109,0.038029786796339504,-0.054341949948258694
XENE,2021-10-04,pos,-0.14292268471880343,0.03301748299911722,0.6741726669288655,0.05766852477327111
ZLAB,2021-10-19,pos,-0.30613026382025765,0.013800143037168588,-0.0008997069422820303,-0.101587071861716
BIIB,2021-10-20,pos,-0.07746971797432423,-0.045572915282172666,0.006434692520251417,-0.03739266581099354
ZLAB,2021-10-20,pos,-0.324089129488482,0.0019418995359528068,-0.016222861531741017,-0.08765409329236817
ALNY,2021-10-28,pos,0.13791059391118576,-0.05345791725262661,-0.20166075402351602,0.2333378699742914
MRK,2021-10-28,pos,0.1605389748693291,0.017715775482917806,0.05584091807802771,-0.03993290310806419
SPRO,2021-10-28,pos,-0.049146417787871766,-0.011002704833616317,0.050425664226323885,-0.08376606146359
EWTX,2021-10-28,pos,0.12062921802324977,-0.03503442196013573,-0.002620881319428836,0.27769434847576635
PFE,2021-11-02,pos,0.023002423918052184,-0.042178343470942625,-0.007902931944236968,0.38688299978184215
MGNX,2021-11-02,pos,-0.06981759675048638,0.0443530143812505,0.005912216792828495,-0.08662402788665435
PRAX,2021-11-03,pos,0.1012491279243024,-0.06997401330251485,0.00893368790082505,0.030874277792186433
REGN,2021-11-04,pos,0.0002787816714953095,-0.019186204966699982,-0.04289612723253633,0.2193351251313782
PHAT,2021-11-08,pos,-0.3037834583899355,-0.05876363930810413,0.0380039609030538,-0.06443352403931168
ZLAB,2021-11-09,pos,-0.0725854525920262,-0.1738537511036542,0.040975534137249525,-0.13406003105273445
LPCN,2021-11-10,pos,-0.03991196835339306,0.11161183624912807,0.00976202155058159,0.06105212105572022
MCRB,2021-11-10,neg,-0.03607685482126044,0.018995924132050312,0.11655007229368675,0.3841646883806229
XENE,2021-11-10,pos,0.7505238440864517,0.07518680126836141,-0.08826344451139256,-0.06005199691244201
SPRO,2021-11-10,pos,-0.1320243047187497,0.02535640402893824,-0.0022856508376514206,-0.06094333546410491
EWTX,2021-11-10,pos,0.05651398886830927,0.09455589444736745,-0.00017553192184083244,0.107563398490794
EQ,2021-11-10,pos,-0.05500411634686997,0.035939571202969756,-0.12760056884648763,-0.052734941756074294
ATHXQ,2021-11-15,pos,-0.05629258893956246,-0.10697841183879264,0.09955418920990766,-0.08799313909979967
ATAI,2021-11-15,pos,0.15258206302920652,-0.08181478283422772,-0.17855811864431415,-0.06823834741785406
BBIO,2021-11-18,pos,0.031693509191233815,-0.010760731293792958,-0.06953592834945477,0.053142660795097996
OTLC,2021-11-24,pos,0.013574024585298439,-0.05770816616840424,0.022019860149463,0.3624379758061871
IONS,2021-11-24,pos,-0.03245602388188118,-0.03918398812665247,-0.021099002000621425,0.10640689982404394
KRYS,2021-11-29,pos,0.13564061219561196,-0.23114234118930588,0.709136742483953,-0.11686012454033445
TGTX,2021-11-30,pos,-0.29079534886407865,0.01954959214263008,-0.372293688829775,0.1985424690875064
ZLAB,2021-12-03,pos,-0.20543652240988575,-0.055062098323162445,-0.06481899693408799,-0.04649018762878132
DARE,2021-12-08,pos,0.26974803208974274,0.19610983961467676,-0.07650867854577337,0.023331708217951164
AUPH,2021-12-09,pos,-0.33091252488894707,0.015351510669860957,0.025675909384325735,-0.001198800690241253
SRNE,2021-12-13,pos,-0.15382437187592313,0.16331419237828793,-0.005834067053780867,-0.21908788959472525
TVTX,2021-12-15,pos,0.0795370033595666,-0.020702883308218123,0.06305164235702643,0.02258504322723187
TBPH,2021-12-22,neg,0.32014111215008834,-0.011996344600375242,-0.023203197404003895,0.021752401653619913
PLX,2021-12-22,pos,-0.10694534708294426,-0.03904425312454676,0.06257058382476222,0.11297665952780767
BBIO,2021-12-27,neg,-0.0575335584509693,-0.0710915221565207,-1.0634666687093208,-0.05599536011405126
SPRO,2022-01-04,pos,-0.08175044213813898,0.0601513526372508,-0.04593911727769573,-0.06299571576856033
EWTX,2022-01-05,pos,-0.20906684904685724,0.04713064322307137,0.21648222602479894,-0.20219375262661554
ZLAB,2022-01-06,pos,-0.04386200234065285,-0.1383788381487263,0.03854532062212135,0.025511745136750807
AUPH,2022-01-07,pos,0.23078708422436645,-0.06981746583531567,-0.022003009189043965,0.03633419901937085
RIGL,2022-01-10,pos,-0.024468239535184733,0.030420095047025697,0.0070474529595889734,0.10746440030238258
DARE,2022-01-10,pos,0.20534202352028208,-0.04643160033014615,-0.020000432726352546,0.028490642454582993
TVTX,2022-01-10,pos,0.04900983048420571,0.019233621097750397,-0.014466664874593249,0.10812038756744302
MBRX,2022-01-18,pos,-0.0610858847719804,-0.00845697305733939,0.07209680313286082,-0.1806866859085403
SPRO,2022-01-25,pos,0.0486945781018111,-0.04287937888679183,0.013065524288613073,-0.24851399397918117
VRTX,2022-01-26,pos,0.26559888775743445,0.006644508308027319,0.07126883617755908,-0.031147563006736156
LPCN,2022-01-27,pos,0.030142041131645758,-0.0018003211597377167,0.07176933357134319,0.21357138537745168
IONS,2022-01-31,pos,0.21712806820925623,0.04795524141711338,-0.07471957319554168,0.14200373434275892
CYTK,2022-02-01,pos,0.007750553879664945,0.06299188185630245,0.012223258668344616,0.15831691159037753
MRK,2022-02-03,pos,0.356281855127631,-0.05393293241766983,-0.031370662170231434,0.06958778782983721
KPTI,2022-02-08,pos,0.4470610118672571,0.12180357481936177,-0.1645363392490058,-0.22477086669835167
PFE,2022-02-08,pos,0.1258785495507131,0.020595452760641564,-0.07535118449021105,0.04076967366521567
PHAT,2022-02-09,pos,0.077752301074689,-0.05203964289672269,0.11063945732098501,-0.1715416586031071
BMRA,2022-02-10,pos,0.2706800632253601,-0.01269986554319269,0.09014897365547192,-0.1038207152610573
ALNY,2022-02-10,pos,0.06696662713858359,-0.023306640280892132,0.03679573053206031,0.12578143253536656
DARE,2022-02-14,pos,-0.0214832312524047,0.02331957369690496,-0.06731877239998019,0.06540846029611469
RPRX,2022-02-15,pos,0.18944418069522406,-0.009768064832056389,0.004459269949449229,0.060593890840912934
ALKS,2022-02-16,pos,0.14705337914953365,0.005704446960264509,0.13792284463221893,0.03273382939184355
SPRO,2022-02-16,pos,-0.20195116905189092,-0.02730653299273822,-0.032802677175037154,-0.08463837394549767
RZLT,2022-02-22,pos,0.12240709110392722,-0.08338748699437182,-0.22200986934344535,0.0564002849066394
EWTX,2022-02-24,pos,-0.23055151733934842,-0.030753056708199278,0.06884435242358888,-0.302228663887814
BBIO,2022-02-24,neg,-0.3887575437907711,-0.07958918765708622,0.0197659384610942,0.2863425853131809
CYTK,2022-02-24,pos,0.11127523399247075,-0.051748476910241425,0.05694709101343198,0.05124423545129231
TVTX,2022-02-24,pos,0.10217349954958399,0.018006860561126548,-0.02504423950358836,-0.0855191213123061
AQST,2022-02-25,pos,-0.2737732080238572,-0.03698756447279328,0.10850047706856658,-0.0012501246672718125
OCUL,2022-02-28,pos,-0.13634058112294234,0.11456650097176335,0.00430814413792735,-0.10024739731530397
AVIR,2022-02-28,neg,-0.13953207243089305,0.06868685855248269,0.021967780814314386,0.07191593394327289
PHAT,2022-03-01,pos,0.3434206662183916,-0.04970522118362286,0.025896343426006663,-0.31786664225983596
RIGL,2022-03-01,pos,0.12236698013084357,0.048736548400301505,0.19726832434681807,-0.017095257307054634
ZLAB,2022-03-01,pos,0.20931045372871893,-0.06367498327516508,-0.03478572182925621,-0.19677935330801022
MCRB,2022-03-01,neg,0.15353066283112593,-0.037577197330270096,-0.0695689358106355,-0.039554792373539094
LIANY,2022-03-02,pos,0.0,0.0,0.0,0.0
DARE,2022-03-07,pos,-0.04141453576322096,0.0682934260213619,-0.05311255231845591,0.08399066391679044
GILD,2022-03-07,pos,-0.092177184486677,0.09217825697490012,-0.043219069568158464,-0.09919898345911404
SYRE,2022-03-08,pos,-0.5049701439805832,-0.04022948888475497,-0.05008624143888163,0.025108634387078332
ATHXQ,2022-03-15,pos,-0.028727919991553552,-0.10056302684446505,-0.0686587679783468,-0.15851042387587277
APRE,2022-03-15,neg,-0.1150159545034426,0.02128755818560668,0.1261182709959381,-0.15688708815442398
GRI,2022-03-21,neg,0.48943423872289404,-0.060084161665807656,-1.2235115518731083,-0.498916318286744
ATAI,2022-03-30,pos,-0.06214595627464092,0.008916099757418694,-0.022797256592920867,0.024106915623610226
LIANY,2022-03-30,pos,0.0,0.0,0.0,0.0
TBPH,2022-04-04,neg,-0.013766993142681372,-0.050369634165078114,-0.028849382587347705,0.3113326191678438
PLX,2022-04-04,pos,0.21690299776759653,-0.05767742642333636,0.3365794152984533,-0.04341381787180465
SYRE,2022-04-12,pos,-0.12799311745162534,0.025376433554563427,-0.1855025516469957,-0.07281882607529822
TGTX,2022-04-18,pos,-0.051375574521698386,-0.016425964154703987,-0.161252184660573,0.09648064584880034
ARCT,2022-04-20,pos,0.3657897766735787,-0.03022912282653989,-0.07020307658982938,-0.1310852078964584
ARDX,2022-04-25,neg,-0.1077689103763364,-0.022558793800680793,0.22524507728307808,-0.26739665845460286
ACHV,2022-04-27,pos,0.1622785405626761,-0.015765258047554465,0.013761276700039016,0.04303964301651142
GILD,2022-04-28,pos,0.10248666071191037,0.03227280753580253,-0.009300919986026113,0.15828563218576663
ABBV,2022-04-29,pos,0.07817637700401381,0.0552750789900891,-0.06322142315597201,0.09129953391786039
PFE,2022-05-03,pos,0.07780289592931267,-0.015345734629498509,0.0037676442966025903,0.21280085484397304
AQST,2022-05-04,pos,-0.401344285322969,-0.14844027732219855,-0.03597427409129289,-0.21904173305868008
RPRX,2022-05-05,pos,0.3060700210416969,-0.03895597927294636,0.029781200292646304,0.009359379241021148
TVTX,2022-05-05,pos,0.20883560050616934,-0.026244698704074754,-0.03896974872772052,0.07124147015565585
TBPH,2022-05-05,neg,0.17860564927437617,0.02398979674740742,0.01378546306599393,-0.043576117720024676
SYRE,2022-05-05,pos,-0.3390356126214993,-0.030886831996374653,-0.001615293252629879,-0.8161913214390264
PRAX,2022-05-09,pos,-0.09532273639202593,0.0052340109360402565,0.16616217874032735,-1.6804030067651756
GRI,2022-05-09,neg,-0.368623551654756,0.1374774415938642,-0.15780186451167477,-0.7950135912541789
KOD,2022-05-10,neg,-0.03276307062970485,-0.00981974867947355,-0.02576728421786756,0.47856056607149555
ZLAB,2022-05-10,pos,0.0745661724825557,-0.24763043282339314,0.003580022075006628,0.008721812344652413
PHAT,2022-05-10,pos,0.25355467559666556,-0.31645015152184053,-0.04022906042050822,-0.26965749143285445
HALO,2022-05-10,pos,0.22614127464557,0.08543296630606712,0.05693468202700025,0.027028132269018013
RZLT,2022-05-12,pos,0.3358327697875856,0.07146446712161558,-0.06767981553262348,-0.11660970812944327
LPCN,2022-05-12,pos,-0.3011578590112909,0.013265371844092932,-0.025782516247652154,0.1362051344931734
GRI,2022-05-12,neg,-0.09111313852849712,-0.072918045737139,-0.464655907140223,-0.2721780710711821
VERU,2022-05-12,pos,0.8162787646005043,0.0365421550582834,0.3775268901409454,0.0323406508611388
PLX,2022-05-16,pos,0.3243488653309715,-0.05416608384454646,-0.031455408322870575,0.11935862180665867
ALDX,2022-05-18,neg,-0.2618097182539155,-0.050242674580453506,0.021646313180210597,0.3122207954791715
DARE,2022-05-23,pos,-0.0222663729991881,-0.01813814726513341,-0.011513663721994138,0.07505004129916548
ELDN,2022-05-31,pos,0.27568481584408366,0.0990911387303095,-0.05025812418198461,-0.3828214188613882
DBVT,2022-06-07,pos,0.23913793521486637,0.0267772130903432,0.09202100080876252,0.17985572472599642
ARQT,2022-06-09,pos,0.141113441574503,-0.017880265325363354,0.0689466630575013,0.008235639950612939
AQST,2022-06-16,pos,-0.3172732037523961,0.03622510620462259,-0.25380306519465384,-0.0020008843956526856
IONS,2022-06-21,pos,0.026479022826173093,-0.01435087755076303,-0.005355092180666876,-0.1168085223493347
KRYS,2022-06-22,pos,-0.006808762103928334,0.09153183552286803,0.02208335911948467,-0.05201695804961659
IONS,2022-07-11,pos,-0.10189109190373191,-0.1223093101364503,0.026744250838135475,0.07440781971008814
AQST,2022-07-11,pos,-0.5892039654998049,0.08553425562143774,0.08102604920627263,0.060705570395492015
BIIB,2022-07-20,neg,-0.08905776527618237,0.025158384485838958,-0.03881865759023917,-0.045515205232849354
VTGN,2022-07-22,neg,-0.4423763586647844,0.29414640722666263,-1.7429702696308291,0.12537216498307413
ALNY,2022-07-28,pos,-0.14288524992274532,-0.026629860601395272,0.02808845572271501,0.312761243552246
TRVN,2022-07-28,pos,-0.5461362135620149,-0.170872057960338,-0.031129714823713073,-0.17208163767619844
ABBV,2022-07-29,pos,-0.15551427547362273,-0.0137232168767083,-0.028336070808238745,-0.0957296637596805
GILD,2022-08-02,pos,-0.19071073830481122,0.005797306297566696,-0.012327370687606365,0.015172975463317417
REGN,2022-08-03,pos,-0.19798346258916322,0.007172849893238187,-0.023913536757339315,0.0014305121302236046
PTCT,2022-08-04,pos,0.10072231054593717,0.05569699204934819,0.018724527118576084,0.04342302304223855
LLY,2022-08-04,pos,-0.05723744935678621,-0.0713948829944826,-0.13419206448013732,0.10514244818140117
SYRE,2022-08-04,pos,-0.5930939265099169,-0.08327124296066879,-0.01940519898124471,0.3126826295933296
TVTX,2022-08-04,pos,-0.21868293361351565,-0.024549118540493353,0.05454757131345911,0.08452432003337318
RPRX,2022-08-04,pos,-0.080443257092913,-0.03608421354553348,-0.10289161677994496,0.06918629580532798
IMUX,2022-08-04,neg,-0.23632981565978906,0.09840789338406752,0.22142885587269268,-0.10415329049741118
ARQT,2022-08-04,pos,-0.0767075832212516,-0.06921534590603651,0.030802113558066502,0.14244640967066546
PRAX,2022-08-08,pos,0.28070701184789426,-0.13430333454648302,0.21788340094742775,-0.2146098481676022
PLRX,2022-08-08,pos,0.6454805878875396,-0.013334125773257988,0.12935729734175538,0.04202944265608766
CRBP,2022-08-09,neg,-0.041713003937348336,-0.0980070627612335,-0.04449292997477139,-0.14249210926106937
EXEL,2022-08-09,pos,-0.08302322930035899,-0.14513341659321588,-0.09846911620160048,0.00811388495069032
HALO,2022-08-09,pos,-0.027894264443122818,-0.21011211311618627,-0.01959905693081554,-0.011986078701613945
KOD,2022-08-09,pos,-0.1338176868163532,0.1424644156507031,0.1193752709340874,-0.17082987284630624
CYCN,2022-08-09,pos,0.4109066278956064,0.16619387719704992,-0.1790916977837531,-0.07687997794834178
ZLAB,2022-08-09,pos,0.06693023566295953,0.054568107754503714,-0.049711714698426945,0.13105634684620204
RANI,2022-08-10,pos,0.009930198041706362,-0.1768341901622632,-0.2904398089838831,0.1937732978415383
ELDN,2022-08-11,pos,0.03022411004141201,0.06695860614628368,0.011410489055160289,0.09223872479598572
SCYX,2022-08-15,pos,0.20971740480133771,-0.009226419853759271,0.021877332625651835,0.05832162326076373
ROIV,2022-08-15,pos,-0.26687917345932344,0.10475460521418922,-0.041552764138104825,0.0023341412416346685
PLX,2022-08-15,pos,-0.2162345683122679,0.10382651680683724,0.006769481403881394,-0.04704544853016163
ADIL,2022-08-16,pos,-0.8802493914622369,-0.027908101138461205,0.0065100716041648354,-0.12053940801200547
DARE,2022-09-12,pos,0.012599708357512007,-0.04088427446846321,0.04496822102628517,-0.10455408972367453
ALT,2022-09-14,pos,0.4496572615020571,0.014588596063438874,-0.3722084603822511,-0.2749234333512196
AQST,2022-09-27,pos,-0.3004385697374002,0.08830978301895254,-0.04353657261533041,-0.23177449426902258
PEPG,2022-09-28,pos,-0.5999688633544069,0.09205378131806663,0.45378417350342626,0.18411697998776688
CYTK,2022-09-30,pos,0.1601117049724241,-0.06573315800768809,0.029486801399820184,-0.2133928708515893
AXSM,2022-10-03,pos,0.23566204633444876,-0.07165122094016585,0.005763700060819499,-0.029011977370259068
MIST,2022-10-17,pos,0.06299016571114047,-0.0033641491593856543,-0.3898354111044138,-0.2959101220253857
RANI,2022-10-24,pos,-0.19794145523271212,-0.02627905660682961,-0.16590906459000432,0.2862841792969191
MIRM,2022-10-24,pos,-0.16057774094849364,0.017189235586043683,0.1734705104437455,-0.1993403469933095
PCVX,2022-10-24,pos,-0.002712520457236689,-0.2054463989401869,0.5051903946243423,0.2561404447821132
BIIB,2022-10-25,pos,0.3283278644365817,0.04852216391152986,-0.021963393880737314,0.10127567377102409
TVTX,2022-10-27,pos,-0.08100909694902025,-0.07051460906854068,0.008777462632968192,-0.1302149149369205
CYDY,2022-10-28,pos,-0.2374346900467456,-0.09653457406597488,-0.20242062925611648,0.05989207907544247
ATNM,2022-10-31,pos,-0.03119051444789256,0.22359889400430322,0.32006969949552744,-0.17979614514511688
EXEL,2022-11-01,pos,0.005384191360046753,-0.024709729913433787,0.0374819948883669,-0.025507062861259033
PFE,2022-11-01,pos,0.023565500999038758,0.0015420390605025425,0.0229869302938015,0.041904305408309916
MTNB,2022-11-02,pos,0.1537052701104238,0.008391833421756978,-0.006926981949693545,-0.14011568374337058
AMGN,2022-11-03,pos,0.15216683014012133,0.003307417750304076,0.015253957244179439,-0.002578254205836572
SYRE,2022-11-03,pos,0.13307546315389374,0.7576383906200972,-0.07934829114043707,-0.8663668193639631
PCRX,2022-11-03,pos,-0.0806916743546755,-0.026405578246373018,-0.0070717473514858575,-0.12262605987674213
ABEO,2022-11-03,pos,0.16795923783753874,0.026249863911946614,-0.13714143903215592,-0.027933173460306104
TBPH,2022-11-03,neg,-0.05242890429786806,-0.017734963104151458,0.04676175188665699,0.032275146357821693
PCVX,2022-11-07,pos,0.49353421789410445,0.01270134611197049,0.04249182049614797,-0.045004064254682064
RLYB,2022-11-07,pos,-0.42177906458312364,-0.07648242714593234,0.04439077359331467,-0.6273452132365378
ARQT,2022-11-08,pos,-0.0983818842794495,0.06204389657415765,0.030491737789721363,-0.1425390804004647
HALO,2022-11-08,pos,0.125901431727232,0.0033961060903826557,0.09606278556011372,0.10058376175284511
ANAB,2022-11-08,pos,0.08990339909478617,0.02832370462186118,0.03141824160467355,-0.09993269270781457
RPRX,2022-11-08,pos,-0.04136289558173223,0.04925019960032939,0.040023577728578896,-0.06582224838712891
SCYX,2022-11-09,pos,-0.09446227169350552,0.03441230802271056,-0.19938284942789108,0.008174743968462295
XERS,2022-11-09,pos,-0.03693848218420093,-0.009923463609638306,-0.04001020388629861,-0.00832749921127035
PRAX,2022-11-09,pos,-0.25702476226519533,0.19871537673092776,-0.17354159651082135,-0.0005302272246003881
RANI,2022-11-10,pos,-0.2695994858848687,-0.07999336875235574,-0.05414219236479423,0.26911165002260407
PEPG,2022-11-10,pos,-0.03309146587045353,0.09633499093560616,0.09160338093603304,0.08375727618425133
MIST,2022-11-10,pos,-0.5751058027559885,-0.18503651718288627,0.028425130848232172,-0.06552204180856025
DARE,2022-11-14,pos,-0.06789803299347463,-0.05183626054257573,0.012901694696779042,-0.0035552982029738445
AVXL,2022-12-02,pos,0.009827356242934293,-0.3177574541236252,0.07953316077353678,0.026807148647754353
GOSS,2022-12-06,pos,-0.3977730889747364,0.04622117230491307,-1.4369960505053991,-0.02212143420465107
BIVI,2022-12-07,pos,0.5148971356335323,-0.334284379682968,0.6591974582721489,-0.4323696220070383
DARE,2022-12-12,pos,-0.04810342882583418,-0.007530446438787752,-0.002383525685689669,0.188309813608309
ARQT,2022-12-16,pos,-0.013013711448970344,-0.04493968596958631,-0.09549159351116954,-0.117306605286291
ZYME,2022-12-19,pos,-0.21540072949890576,0.08088575391677133,0.0938704609803025,0.2631609884309447
ALT,2022-12-20,pos,-0.1270805082097861,-0.007862126773340083,0.31838502199155805,-0.07544267464162457
VCEL,2022-12-29,pos,0.08488110265350368,0.028079595133803092,0.031537576850082516,-0.022357603948674143
VERA,2023-01-03,pos,0.21014052317250664,-0.05390134849878292,-1.0999504442305648,0.19807095316265877
CMMB,2023-01-03,pos,0.04199986355573282,0.2786151749925878,-0.19147847746119284,-0.23438356342343436
ZLAB,2023-01-05,pos,-0.16066460028229335,0.10330966662336794,0.3127461911682987,-0.2280298408385728
RANI,2023-01-05,pos,-0.2662839159511532,0.0570777858310314,0.054686633286793906,-0.24137124712516345
PHAT,2023-01-09,pos,0.11566879826447174,-0.40205790804885,-0.0023815919675174158,0.38629617064321975
SPRO,2023-01-09,pos,-0.14446981811369985,0.037739099296019596,0.04375254958882069,-0.09355492843290003
ELDN,2023-01-09,pos,-0.046454645035104325,0.2386092198794244,-0.0224294425621685,-0.07230520966911724
ORMP,2023-01-12,neg,0.46152920603371284,-0.2162820646220034,-1.6083315541347236,-0.010149572750631997
PFE,2023-01-31,pos,-0.26432419560839593,0.002406041824461358,-0.02026171587837977,-0.013266427745437515
MRK,2023-02-02,pos,-0.11163158177262122,-0.011868851671698266,-0.04571280698473146,0.1157700707089937
EVLO,2023-02-02,neg,-0.6635880093117481,-0.2825728922409163,0.14823490182679455,-0.4161567515991935
HALO,2023-02-21,pos,-0.13555239028334132,0.004374909936813776,0.038203143881724966,-0.2746510586818016
CMMB,2023-02-21,pos,-0.29242982076567214,-0.04454189670599229,0.05990380675910778,-0.11781188833633593
MDGL,2023-02-23,pos,-0.06973137487406333,0.06201913836056683,-0.028912712586174116,-0.07459955958559483
PCVX,2023-02-27,pos,0.007170370673557969,0.004695822274026096,-0.034457863825146706,0.01729565120724752
AXSM,2023-02-27,pos,0.04101677161139783,-0.02393980772548332,0.0938079361974955,0.035544796045339666
PLX,2023-02-27,pos,-0.04732465142040032,0.2175226235347551,0.04705463458347814,0.1794597823149099
PHAT,2023-02-28,pos,0.3086604835194602,0.032815653947018575,-0.08553218002457452,-0.16416920357838238
ARQT,2023-02-28,pos,0.21874468322795693,-0.0046758436022451555,0.03173044677834991,-0.3785909173197104
CRNX,2023-02-28,pos,0.2154434787093722,-0.016905131457954248,0.009875492830821564,-0.1391447796786771
ZLAB,2023-03-01,pos,-0.21719307677369049,0.027844632446802464,-0.0007359736756868962,0.024359147296439954
SYRE,2023-03-02,pos,-0.2868738186202542,-0.10344651688174666,-0.008413931341454628,-0.19018216952914968
ACRS,2023-03-06,neg,-0.28630051275809,0.03540393118814933,-0.526699637318123,0.21540245279272252
ARMP,2023-03-06,pos,-0.0487770995194583,0.04982078124336997,-0.018553149191778306,-0.38470952279697
BBIO,2023-03-06,pos,0.3843145163793289,-0.0808933006195689,0.5528144293408124,-0.049887581751129506
XERS,2023-03-08,pos,0.18324642429343435,0.08708313286875052,-0.1605759976468965,0.4569158162349873
ROIV,2023-03-15,pos,0.06734786972662654,-0.007114216312835708,0.07581141237535327,-0.12714070389471077
PTGX,2023-03-15,pos,0.6884263997917319,0.0746366475935929,-0.07784457885849028,-0.18629037282991456
ARMP,2023-03-16,pos,-0.23327148526803565,-0.22167194444546334,0.15509527888935148,-0.18747066576607485
RNAC,2023-03-21,pos,-0.0970230387361033,-0.1026930015815859,0.1454350929777264,-0.2553152167125976
IONS,2023-03-27,pos,0.014044451630469634,-0.01314185447957028,0.006466795895252009,-0.026697798707052023
ABEO,2023-03-29,pos,0.1363597929611028,0.1290933592662954,0.01487489594208613,0.04692188519854357
MIST,2023-03-29,pos,-0.02020112689846698,0.18724745589581526,-0.04387732136244127,-0.10197206076995746
PULM,2023-03-30,pos,-0.06117281797791829,-0.10202644800766003,0.018714001425161886,-0.044545219124982216
DBVT,2023-04-20,pos,0.1744719078300958,-0.095291281730155,-0.042648698018052045,0.1847232118834996
LIANY,2023-04-26,pos,0.0,0.0,0.0,0.0
AMGN,2023-04-27,pos,0.034435806172101735,-0.003447907972720543,-0.006726462420387769,-0.12907107365779957
MRK,2023-04-27,pos,0.04522083442757552,0.009375749116324883,0.007169646261600882,-0.06875885586285158
ARCT,2023-04-28,pos,0.4992217486142865,-0.022215795303480057,-0.03335892975678867,0.01248405129092367
INCY,2023-05-02,pos,-0.04581200514597672,-0.0013752599293113121,-0.11571037746872825,-0.1087423103405003
PFE,2023-05-02,pos,-0.0642495848600304,-0.028476645926206245,-0.033367908517067946,-0.008980160782637192
SDGR,2023-05-04,pos,0.019683738635448478,-0.024508177736771497,-0.0778503792936367,0.24117733279297227
PTGX,2023-05-04,pos,-0.03899944559946489,0.0211331194689639,-0.01112774708683073,0.11585216850798119
PLX,2023-05-05,pos,0.2572216329185495,0.14343483194568774,-0.11215597503998231,-0.3119955267965113
PCVX,2023-05-08,pos,0.13488126579845305,0.023495895794584776,0.030297366804069803,-0.0523971100187981
ARQT,2023-05-09,pos,0.25660477315194274,-0.06049273741938732,-0.19652485743171155,-0.23311939695576722
ZLAB,2023-05-09,pos,-0.04555599616037753,0.06413534376601504,-0.012780327482232234,-0.27970422913057336
ARCT,2023-05-09,pos,0.40512702894698904,0.055796022356318975,0.004259201596268358,-0.04273180376690622
PHAT,2023-05-10,pos,0.44906341796789606,-0.0005874554084077666,0.09422260489132395,-0.09409551199696997
PLX,2023-05-10,pos,0.3009188220400927,-0.10775150448795023,-0.1366536820120403,-0.11446096060367528
CMMB,2023-05-11,pos,-0.22581169495231412,0.09151061044838249,-0.01584756882263183,0.07642267777502498
PRAX,2023-05-11,pos,0.07893830652380718,-0.010104606008578543,-0.0070140732418177976,-0.07706157539280811
BOLT,2023-05-11,pos,0.04245227927342787,0.012423985478712929,0.13297625230233479,-0.11885868228627361
DBVT,2023-05-11,pos,-0.1581915717358242,0.017547019540459452,0.20374537096699852,-0.0829266568830036
ARMP,2023-05-12,pos,-0.23295834605634663,-0.1370296405940276,0.02737414148975703,0.05204406957739627
PULM,2023-05-12,pos,-0.06954464252889836,-0.03271231866672353,-0.0997887685119212,0.000892368758710349
KOD,2023-05-15,pos,-0.3531270611248698,-0.04484198443982512,0.22269551372741758,0.42852614277003154
LPCN,2023-05-16,pos,-0.3603980728671783,-0.009541979952054414,-0.14892228547037245,0.24397635201019985
ROIV,2023-05-16,pos,0.11893184737134632,-0.04266896750362337,0.00879577694085798,0.03541705882299295
KRYS,2023-05-19,pos,-0.008846070719842558,0.0001414459039921212,0.26380031683390204,0.05780282872705289
PTCT,2023-05-23,neg,-0.001858768104165076,0.05825822025612082,-0.21075415434299805,-0.1226364543848728
ACHV,2023-05-23,pos,-0.003531043316757687,0.0028633530865027623,-0.28353710194814563,-0.036253858593032984
TVTX,2023-05-31,pos,-0.29073056767164696,0.016853308497460695,0.08046464064317727,-0.14426294498385372
ZLAB,2023-06-06,pos,-0.1671730322518905,0.09865051269739933,-0.22920772444182536,0.05451699623999584
MLTX,2023-06-26,pos,-0.08402923538040374,0.021785189446569486,0.7199124028068549,0.07971856232676666
AVTX,2023-06-26,neg,0.45944130960709817,0.14953158766674068,-2.3039241000867676,-0.6461405295431186
CGTX,2023-06-28,pos,0.5849161936118543,-0.10884223269525939,-0.35305050537873317,-0.03048036380150876
ROIV,2023-06-28,pos,0.024989408006540703,-0.0018104296151988386,0.09339437838073694,0.09735309512278878
MLTX,2023-06-29,pos,0.05878447294539901,0.6245876318772301,0.012473761383342108,0.17599635813448744
BTAI,2023-06-29,pos,-0.34941543984650103,-0.041438660065645117,-0.9664172510265079,0.35625303923094
ARCT,2023-06-30,pos,-0.1736896293988135,0.1344185084349423,0.07147766656327281,0.1825565344553537
ZLAB,2023-06-30,pos,-0.2874888155257449,0.07426200202932787,0.08021130622776917,0.027716600015665005
ABOS,2023-07-17,pos,0.0023453180121353334,0.2337112886932904,0.22842406759327183,-0.03553650520983176
JNJ,2023-07-20,pos,0.02674594383023088,-0.013114334116661297,0.07890209026228234,0.12133987173907013
AVTX,2023-07-21,neg,-2.1616993435089524,-0.05149599812289729,-0.2043886588374697,-0.6766195034743374
SNDX,2023-07-24,pos,0.06352281058434439,-0.005221596857104327,0.04017138176724755,-0.09916683229294643
SYRE,2023-07-27,pos,1.5030919277413837,-0.032577586827875926,-0.0003909256958376517,0.020665090390028062
URGN,2023-07-27,pos,-0.119778896366733,-0.10285808116970285,0.9109478392936152,-0.09507389075734274
LPCN,2023-07-27,pos,0.033287362825812794,0.017623196836860977,0.12354946670531608,-0.10126699834839137
ABBV,2023-07-27,pos,0.09236677861987719,0.013253133699569375,0.052054100535487535,0.04578039912987286
INCY,2023-08-01,pos,0.08911870934768462,-0.014594402368755865,0.05710856902961492,0.01760365933002017
MRK,2023-08-01,pos,0.052727055854941085,-0.02171392659338789,0.01786527738929866,0.07412314253742025
PTGX,2023-08-03,pos,-0.29334689740834285,-0.014785483080050899,0.04260977760995832,0.05800864092942648
TVTX,2023-08-03,pos,0.026467527841103067,-0.0065441930848813,-0.058188244498209585,-0.05808439324682402
SNDX,2023-08-03,pos,0.06324222396916701,-0.042798590745209086,-0.025500022742426243,-0.040163352160708765
AVTX,2023-08-03,neg,-2.914195114128406,-0.033099106132771006,-0.12324234145019464,-0.5344305751440341
AMGN,2023-08-03,pos,0.10144080186938176,-0.027723773518229855,0.06464186729327004,0.0855465001474327
VTGN,2023-08-07,pos,0.06614194710039734,-0.04294111310233195,1.5089304862005104,-0.18204405616611408
ZLAB,2023-08-07,pos,0.17240473183886484,-0.061407239067032826,-0.09520194524663461,0.1648390832888924
CAPR,2023-08-07,pos,-0.1108625133306278,0.07501033448265892,0.24974747251928187,0.0650832955658407
ARQT,2023-08-08,pos,0.20715684154616065,-0.04140964608287501,-0.02724976259052836,-0.19986949952236843
DERM,2023-08-08,pos,0.07510208154903275,0.16541325527495143,0.12397467634731563,0.020367673483215887
HALO,2023-08-08,pos,0.23545788041137916,0.050526054005650245,0.007433102250892887,-0.04641550513370252
ABOS,2023-08-08,pos,0.31389747860481587,0.020462829600683463,-0.03915052451222634,-0.14186996194066936
CGTX,2023-08-08,pos,-0.47119370171517705,0.08914620035865717,-0.015900622539030573,-0.1315309982542366
MGNX,2023-08-09,pos,-0.08557776996696265,0.03179128371093198,0.22808273074838503,-0.14413794745522646
LPCN,2023-08-10,pos,0.0638109773802551,0.06104715345154421,-0.009633441944198351,-0.3070057808479256
URGN,2023-08-10,pos,0.6645765174886371,0.06697291441808773,0.060488289889356395,-0.275302346569656
MLTX,2023-08-10,pos,0.130237167981599,-0.03905727525774738,0.02694747967427391,-0.07788890673106774
VERA,2023-08-10,pos,0.05703713164683766,0.04085160065845583,-0.008749103961152471,0.01593397981047584
ACHV,2023-08-14,pos,0.12369881866901622,-0.03169148308308878,-0.022231850447273604,-0.057013102240447866
BTAI,2023-08-14,pos,0.19952739635060013,-0.01893015885832483,-0.5801579916825892,-0.20604283371858445
CTXR,2023-08-15,pos,-0.19231975283219604,-0.031282078939343094,-0.035618567402625256,-0.1769845177179108
AKBA,2023-08-25,pos,0.22518013966781444,-0.003733486382019535,0.08477707424625353,-0.10630253846224041
INSM,2023-09-05,pos,0.0990309663388147,0.018608137323413487,0.17018355333030488,0.04112807807951224
AVTX,2023-09-11,neg,-0.8091590422322801,0.05278488605231857,0.28159780481850794,0.2486909665789807
NBIX,2023-09-12,pos,0.11845504197885415,0.007707034873675411,0.048498135159763756,0.08210320557124096
DNTH,2023-09-21,pos,0.022000853589432712,0.07525203687955262,0.03226156924899337,0.012748988638596526
IONS,2023-09-26,pos,0.11616938686454059,0.048130250005111286,0.07071632620856105,0.07969489658672435
SGMT,2023-09-27,pos,-0.2546827182082305,-0.22193419791088909,-0.017504742921703897,-0.6475044732137902
SNDX,2023-10-02,pos,-0.06513498161824272,-0.09450573466724199,-0.10424905768311499,0.11093755167619124
VTGN,2023-10-02,pos,0.023870083796236674,-0.02712072278716393,-0.2686554098231797,-0.1460675951655499
NBIX,2023-10-05,pos,0.13314211615771665,0.014583593781981818,-0.004225355767863981,0.05178074218866158
ANAB,2023-10-10,pos,0.024944877208232796,0.06363838784112996,-0.020625880494721027,-0.1660758080415281
MLTX,2023-10-16,pos,0.10903542586461334,-0.03151010138973742,0.03837333657164255,-0.40382813756551483
SGMT,2023-10-23,pos,-0.5821607734231893,-0.13297806404817747,-0.13202827522970684,-0.4570487491604489
INSM,2023-10-26,pos,0.1128496581493792,0.03266700241261189,-0.042380847630083984,-0.13244158662651895
ABBV,2023-10-27,pos,0.1164276836047824,0.004051049412959529,-0.007988007430500765,-0.13623001212105823
PFE,2023-10-31,pos,0.023753250529231273,0.032664758379243874,-0.03761185571464987,-0.08922996675617556
INCY,2023-10-31,pos,0.04431961040875887,-0.02337877071635175,0.0051948359958498,-0.10661724330359368
INVA,2023-11-01,pos,0.1612905409814056,-0.029447240955508658,0.037566191760761036,-0.05904753496925563
EXEL,2023-11-01,pos,0.07394054179464016,0.024007957440863148,-0.05278467574843493,-0.020916313439151235
SNDX,2023-11-02,pos,-0.13627044185156834,0.07286005309932353,0.0057704798378770406,0.027577464384091144
ALNY,2023-11-02,pos,-0.0038079141285738416,-0.012657966642437124,0.008311605348064965,-0.06141825022476333
PTGX,2023-11-02,pos,-0.0629964575801889,0.04018120183639606,0.041523386519746186,0.023209350088587488
ARQT,2023-11-03,pos,-0.754960715010039,-0.11307212790513632,0.029187972644555193,-0.16874567797074824
CLDX,2023-11-06,pos,-0.0017454646868984014,0.043130221269399804,0.10981898529857448,-0.009551151291276483
KOD,2023-11-06,pos,-0.20456720544716372,0.41617291893932,-0.1713662153668002,0.23377691876404139
MLTX,2023-11-06,pos,0.04790074423795865,-0.04471729883782816,-0.19666817250283986,0.11283606694684156
AQST,2023-11-06,pos,0.06729012050120714,-0.033937814620393025,0.06565046436690447,0.23786426599290267
HALO,2023-11-06,pos,-0.03910537287828619,-0.04640860517162215,0.08579720895618115,-0.06897961584817969
CRNX,2023-11-07,pos,0.07099864763440689,-0.01349349513616982,-0.06279014060755728,0.01936390260029963
DNLI,2023-11-07,neg,-0.07327183727692965,0.04344885152679678,-0.021393791131929074,-0.1888526545135334
ZLAB,2023-11-07,neg,0.0974618668788958,0.049211309558211624,0.07828970169222194,-0.2232856410079993
DERM,2023-11-07,pos,0.26951010761899274,-0.09582101252846953,0.1522243840204196,0.3462881733104559
TVTX,2023-11-07,pos,-0.13508698355266957,-0.02925462645944421,-0.04135129378079205,0.07416375382030571
LPCN,2023-11-08,pos,-0.07152043388404639,-0.0721176799267016,0.010053626005798622,-0.09617633819701721
VERA,2023-11-09,pos,-0.32519142758861097,0.12150883387637901,0.08879424706266015,-0.04865434581722372
ABOS,2023-11-13,pos,-0.6467866175632991,-0.047680429757575804,0.05680257452708759,0.15544776468129073
MLTX,2023-11-14,pos,-0.3239426896800546,-0.07839897056859613,0.013022944610072251,0.19311036509476898
KOD,2023-11-14,pos,0.157101608025359,-0.039234007222232914,0.060086594223896506,0.1954793649342509
URGN,2023-11-14,pos,-0.17531690558799573,0.0722299834578366,-0.07064876571252743,0.1527907745501258
ROIV,2023-11-27,neg,-0.1543998326156628,0.0040113336574916225,0.004198718465696416,0.029475449592297753
ALT,2023-11-30,pos,-0.06571580453302162,0.18670580518047986,0.07904151043664043,1.010276768793779
ABOS,2023-12-04,pos,-0.48732098839194804,0.06348696551973931,-0.008619401275279048,0.2799972462425506
EYPT,2023-12-04,pos,-0.28602106535178806,0.01120975896084686,0.9748524095667457,0.05393651526421994
TARS,2023-12-11,pos,0.04184618894770464,0.049988102215533736,0.0318180256041507,0.01264674566854751
SNDX,2023-12-12,pos,0.10464919648506932,0.06668004876532674,-0.024270298776127408,0.09937170033151244
MIRM,2023-12-18,neg,-0.015939434856782064,-0.004513908913036158,-0.11036020632520227,-0.1875718551387875
DARE,2023-12-20,pos,-0.31898730710586887,0.06815204053446955,-0.06085503585805663,-0.06276721599558988
CYTK,2023-12-27,pos,-0.13101761019712876,0.18208568922552848,0.583882596135425,0.023234619672709123
RPRX,2023-12-27,pos,-0.2285679164274308,-0.053277146120386476,0.010560144773829272,0.06956636183398812
SGMT,2023-12-29,pos,0.6281120890465185,-0.02718663406957278,-0.09294679840782538,0.6828427302188527
VERA,2024-01-08,pos,-0.08722828152999806,0.009593634592027556,0.16666889266435492,0.7243206280543579
EXEL,2024-01-08,pos,-0.09269386411828506,-0.03187415903158275,-0.0457389483145163,-0.021988730325439132
CLRB,2024-01-09,pos,0.04755503504382386,0.0775856075098087,0.09057634140550519,0.06654412224544437
SGMT,2024-01-22,pos,0.5148600951091786,-0.11784216065552977,0.9181780539441804,-0.9544164729526619
IONS,2024-01-22,pos,-0.06930996438153647,-0.011012856427220274,-0.008584791035112893,-0.1901637660730695
VERA,2024-01-25,pos,-0.008634350285825487,0.12480476951713859,0.5668798250833782,0.38131568385252734
PFE,2024-01-30,pos,0.003121133498895201,-0.036492214845717186,0.023157865040245085,-0.15099406376007618
REGN,2024-02-02,pos,0.05470670365588326,0.010446232793204224,-0.016336074524963884,-0.09390436088810006
ABBV,2024-02-02,pos,0.03366525271845067,0.010979296186909515,0.02797636044834384,-0.09720922922070496
RANI,2024-02-05,pos,0.0982350944475936,0.003413077463156,0.0543736994438595,-0.10527928656769103
LLY,2024-02-06,pos,0.05190163253190683,0.09474283430862762,0.030650396592606377,-0.05418281865330954
GILD,2024-02-06,neg,-0.07093146792769733,-0.020530278250365797,-0.026454485414749485,-0.15258384612707498
IMNM,2024-02-06,pos,0.7362446638045492,-0.08757765128779926,0.39339439707157187,-0.07281945071700502
VKTX,2024-02-07,pos,0.26086590313348745,-0.0070182808653713735,0.16637664592786816,0.8386784669924165
AIM,2024-02-09,pos,-0.08856479944693874,-0.18318578173847166,0.08104503838634214,-0.21696380596396825
INCY,2024-02-13,pos,-0.03850050157535012,-0.06701307303416826,0.022141560371198743,-0.045708741721192325
HRMY,2024-02-22,pos,0.06014787624529783,-0.04110000903891864,-0.03962493577061732,0.027058625253074897
BBIO,2024-02-22,pos,-0.09497991932332894,-0.02061629822749067,-0.029052303477177688,-0.16449272960802608
CLDX,2024-02-26,pos,-0.01293316380032472,-0.03018878765725619,0.21920560661805144,-0.10374741044871794
MLTX,2024-02-26,pos,0.04082770936035107,-0.1578362313272259,-0.03166338529513846,0.0478869211426729
TARS,2024-02-27,pos,0.31229801526193457,0.03394461102123625,0.0906706262599224,-0.021422090099396218
ARQT,2024-02-27,pos,0.919959096162541,-0.0303893106861719,0.029528223587016456,-0.02488985464770188
SNDX,2024-02-27,pos,0.009291944439104416,0.011432546848275216,-0.06266102528675299,-0.016689307906218698
CRNX,2024-02-28,pos,-0.04388982220409199,-0.0007838658122354403,0.05596287219576368,0.11812234664886967
MIRM,2024-02-28,pos,0.013569281651455434,-0.06117229324990525,0.01354961407520161,-0.09726611771368887
IXHL,2024-02-28,pos,0.35951584294206107,-0.5074905557030487,0.2965202950403585,-0.4924733171507789
INVA,2024-02-29,pos,-0.11453030190697655,-0.08389823762151938,-0.007191963644646915,0.06763591305173389
MLTX,2024-02-29,pos,-0.15486869150351001,0.0089734629395668,-0.10945665301267304,0.05399262397056992
LPCN,2024-03-07,pos,-0.07142940467727832,-0.07939185831805373,0.02009981266733174,0.3777152245607842
AMLX,2024-03-08,neg,0.11771102868207217,0.041158459402702796,-1.5878180840138145,-0.2767474370815841
MLTX,2024-03-11,pos,-0.2784323932956143,-0.05100309175151585,0.03756903920787069,0.06386501223918106
ACAD,2024-03-11,neg,-0.2639718215007649,0.004690439476536135,-0.13152679760923736,-0.047499850372425545
TNXP,2024-03-11,pos,0.07415802950610306,-0.008839264617814813,-0.08622491160345458,-0.5035072220563963
CRNX,2024-03-12,pos,0.024104739027797528,-0.005393453264521231,-0.02886128413779554,0.20165051173461368
IMRX,2024-03-14,pos,-0.10394913672554296,-0.11030608325173552,-1.0995317818295944,0.16661380613522292
CRNX,2024-03-19,pos,0.004944692089007052,-0.03734596022079373,0.15825217901364175,0.08395883180514296
RANI,2024-03-20,pos,-0.19641037353371837,0.09801887179189905,-0.0002958718356065315,0.6504973129682854
VERA,2024-03-20,pos,0.10681629126696013,-0.006796888271710877,-0.02702996733613272,0.04899477564600785
DERM,2024-03-21,pos,-0.2815395445060498,0.09382856479024815,-0.13459319175473117,0.17492257784386678
SGMT,2024-03-25,pos,-0.4414339384470216,0.1084739891293065,0.15745641030982616,-0.11019505540886088
CLRB,2024-03-27,pos,0.04175977022778632,0.057963932328708445,0.009751012465542885,-0.13270529786875063
KOD,2024-03-28,pos,0.10146429773120813,0.26032732785196266,-0.5040786882283852,-0.1880895374046916
DYAI,2024-03-28,pos,0.15572125267856357,0.0030508355067189186,0.035474854082269525,0.002923627865281997
DARE,2024-03-28,pos,0.23488713007497108,0.14783447922911552,-0.09230937684830964,-0.3640015867106121
LPCN,2024-03-28,pos,-0.0383532945222973,0.22453851936423397,0.04402737693957781,0.017463380692769537
LENZ,2024-04-03,pos,0.50734134400204,0.2491212906317366,-0.009901383909518113,-0.23681174288049212
ALKS,2024-04-09,pos,-0.055573536666312595,-0.028788849168713604,0.01305649451990254,-0.066448782680808
JNJ,2024-04-16,pos,0.039936195329906,0.028110769668518998,0.0005916515571859904,-0.025266838758269294
VKTX,2024-04-24,pos,0.181087868821745,-0.02391331377619821,0.08836457620464166,-0.2030181692354498
ABBV,2024-04-26,pos,0.0905224046568609,0.012665921081132403,-0.07445138236436577,-0.06597542366574682
LLY,2024-04-30,pos,0.10051420931364596,-0.021203380404283934,0.03131520411433897,0.04378979601638999
ALKS,2024-05-01,pos,-0.008540071721128584,-0.01254090135234076,-0.0711232435653315,-0.03461403293783505
LNTH,2024-05-02,pos,0.2417580284079568,-0.027258303109316984,0.08414002792336728,0.08960549835210596
AXSM,2024-05-06,pos,0.014377464593209766,-0.035886305381509054,0.023219411286042657,-0.07118187060084846
EYPT,2024-05-06,pos,-0.17675881417559847,0.06220798035214159,-0.5136214154201975,-0.2607889535328085
RANI,2024-05-06,pos,0.7284032774023299,0.014167778863822145,0.03745445729511254,-0.4765461523941992
IMRX,2024-05-07,pos,-0.48500428739844487,0.08205575408715765,0.004166751939701008,-0.2211957347640066
MLTX,2024-05-07,pos,-0.13943697868866556,0.01650133049345781,-0.027018267347656,-0.04815257896965486
ZVRA,2024-05-08,pos,-0.1444772326828747,0.08290124691630063,-0.012254989306875075,-0.10586193525723342
SNDX,2024-05-08,pos,0.038183277080213074,0.018730149605232338,-0.037447635055856576,-0.16665547331757224
PDSB,2024-05-08,pos,-0.21086693685950308,0.009810818349311523,0.03062873618706763,-0.3204046779754417
ZLAB,2024-05-08,pos,0.03757670284995962,0.013009483663020571,0.2469524714028326,-0.1428102111651426
MIRM,2024-05-08,pos,0.043152714217054466,-0.02752173031671301,0.013071976347672987,-0.07651276191333567
IRWD,2024-05-09,pos,0.04566098923480544,-0.030603852952795663,-0.13747499497472204,-0.13366498749789413
CRNX,2024-05-09,pos,0.12375547144766497,0.07553223829569733,-0.04752042164946202,-0.10721347746770515
PDSB,2024-05-10,pos,0.04551895130037065,0.013790147018100996,-0.07477640035854827,-0.2646197109674435
VXRT,2024-05-13,pos,-0.4772441445360342,-0.053818540704548834,0.16215490347135522,-0.12887902230089668
ARQT,2024-05-14,pos,-0.16861220197041726,0.019963377939884452,0.11542953471123507,-0.14465875180208299
DYAI,2024-05-14,pos,-0.1321121075617977,0.08777860118802316,-0.004113658975109014,0.25864930256270696
CLRB,2024-05-14,pos,-0.13808229451771759,-0.06637201944942461,0.06360446000319886,-0.021949684676743075
PDSB,2024-05-15,pos,0.09502361999631237,-0.1471361408044174,-0.021157415373552535,-0.1758826057887124
SGMT,2024-05-15,pos,-0.14820166723557793,-0.03217320536212931,0.06135391294504222,-0.004811246204101227
CTXR,2024-05-21,pos,-0.3383800934065211,-0.05782904399711786,0.11819364451121572,-0.12127171975631335
SGMT,2024-05-23,pos,-0.09214881212702086,0.07171286387625453,-0.015626926076535597,-0.19273576608835952
RZLT,2024-05-24,pos,0.016363676511687797,0.16824610364136006,0.18934099386344982,0.003018947790617954
INSM,2024-05-28,pos,-0.11048680580838965,-0.11120879878130063,0.9048874805122895,0.19951395788145243
SMMT,2024-05-30,pos,0.1413698348431094,-0.3503972548470704,1.0662043243357897,-0.14809975777371243
RARE,2024-05-30,pos,-0.10333471301751951,-0.022033337421364596,0.03242405410505267,-0.016991311700713663
IONS,2024-05-31,pos,-0.1274885556043195,-0.03486642548723795,0.03168815778665435,0.17602757988854156
GPCR,2024-06-03,pos,-0.03808555140180747,-0.08368413020050447,0.43948452173135255,-0.3410531924620326
ANNX,2024-06-04,pos,0.010777484429566941,-0.1050750559928364,0.36464549255986833,-0.31398203287007465
SKYE,2024-06-10,neg,-0.17784167997161582,-0.08881387669334151,-0.07874125618582806,-0.5520627009783283
MLTX,2024-06-10,pos,-0.11223840979012811,-0.007322016795505704,0.029498688022280284,0.0016892331088058654
URGN,2024-06-13,pos,-0.13914935273581142,-0.04699908184056767,0.43404525586510667,-0.15534080963492247
VXRT,2024-06-18,pos,0.026157187989888378,-0.3530811271843885,0.3141313252824728,-0.14007994962126208
RANI,2024-06-24,pos,-0.602541978772565,0.022498854321981954,-0.11281715536428849,-0.2798310030980413
BTAI,2024-06-25,pos,-0.5678338312866975,-0.14665256782794245,0.12035193899261554,-0.19230021224356486
SVRA,2024-06-26,pos,-0.21262150489890086,-0.04609791651481254,0.0049944595106778955,0.1002402861816798
RNAC,2024-07-02,pos,-0.0970620163737328,0.00912015504822783,-0.29660669126162054,-0.16416543121325677
INSM,2024-07-03,pos,1.0119217492744892,-0.058107692675724465,0.07800637727503013,0.00023369448129884063
PLRX,2024-07-15,pos,-0.2151014564427216,0.10079884948388607,0.028372961857130452,-0.06922766968791816
JNJ,2024-07-17,pos,-0.05142366869975845,-0.05406631626948144,0.07202356072150007,0.03447479648448226
JAGX,2024-07-23,neg,-0.0037975866485888687,0.05319082780881157,-1.1095397404129796,-0.1959875757996281
ALKS,2024-07-24,pos,-0.06042162678124274,0.016123793891964056,0.10260108755790132,-0.00046874404192109864
ABBV,2024-07-25,pos,-0.04670278988877463,0.013933315637623345,0.02461475323568152,0.07266388964936255
CORT,2024-07-29,pos,0.0035720625970561137,0.002914636204768506,0.039935202402070935,-0.05850721187825059
INCY,2024-07-30,pos,-0.01421700886858801,0.03642761973206543,-0.04054223650871425,-0.01151830482387961
MRK,2024-07-30,pos,-0.09600556771512725,0.021869640730055373,-0.10963165499586225,0.009266228445101277
IMNN,2024-07-30,pos,-0.02181297080475053,-0.054289456054660956,0.13829216497326202,-0.17177215511094746
EOLS,2024-07-31,pos,0.004443404904578951,-0.008478366517473024,0.14453218166148618,0.10185322800422636
RARE,2024-08-01,pos,0.014303629736482915,0.018308721673588213,0.1407659497347331,0.0759731909884045
SNDX,2024-08-01,pos,0.10442657642185438,-0.06240337845376054,-0.04944585587141104,-0.08524488077162173
ALNY,2024-08-01,pos,0.3037870932761546,0.017429692654596707,0.162480282392516,0.008534328818901926
AQST,2024-08-06,pos,0.32464009054784715,-0.08630738514049163,0.05319131795137433,0.1474373837712455
AMGN,2024-08-06,pos,0.00801022493608805,0.033325061358442376,-0.02837883180431966,-0.0012010322066107193
BTAI,2024-08-06,pos,-0.1152042504908537,-0.11175320180108272,0.0016878142253764494,-0.4821787678136551
MIRM,2024-08-07,pos,0.09628201574379158,0.012625705806510457,0.012311680782097767,0.011770507719068402
MLTX,2024-08-07,pos,0.018002811729466828,0.10105706582709617,0.04121828878992062,-0.042165445070034835
LLY,2024-08-08,pos,-0.14146441459308345,-0.009108117454241338,0.11009040535046388,0.003485142528158569
RNAC,2024-08-08,pos,-0.4999696270310494,-0.0188697255492305,-0.09478350430356652,-0.03980901524722347
PHAT,2024-08-08,pos,0.04286760823290958,0.010317177465601901,0.049530628057233184,0.4006353571350214
QTRX,2024-08-08,pos,0.044274815751146335,-0.04125254980704929,-0.17853781280582748,0.08327166394464669
XERS,2024-08-08,pos,0.08763236498076954,-0.06568223987180144,0.05159418138973659,0.068510283738633
GILD,2024-08-08,neg,0.035930178220059616,0.03299220451130669,-0.038456120545482975,0.05623189060269773
INSM,2024-08-08,pos,0.019213099252305632,0.006747517317879925,0.007404897756873474,-0.05075702891113121
RPRX,2024-08-08,pos,-0.0008947207543918978,0.021587566459848162,-0.0708576955143605,0.08633599311985041
NTLA,2024-08-08,pos,-0.011915271991422838,-0.09919674633154019,-0.026836668573013256,-0.09476268888777462
URGN,2024-08-13,pos,-0.12001569395913458,-0.05822457404518255,0.025951220917597606,-0.10713855490219082
IMNN,2024-08-14,pos,-0.15611754922044074,-0.03919905845924987,-0.08476947247117472,0.07245580939746876
PLX,2024-08-14,pos,-0.14966812595210938,-0.00928078920020739,-0.09832236329312483,0.095840275576283
SIGA,2024-08-15,neg,0.12383459797004681,0.25396790359853694,-0.1493139057253967,-0.3181393020935184
NBIX,2024-08-28,pos,0.02335649623676961,0.01833465413234059,-0.17052418138929948,-0.07522052803585932
PCVX,2024-09-03,pos,-0.06876355450261773,0.02031216697786231,0.32867319997191924,0.062344228848492556
RXRX,2024-09-03,pos,-0.005939278088287203,-0.07612941990592637,-0.14941021259061937,0.01686062228442009
ROIV,2024-09-18,pos,0.1270416926349487,-0.04753370268024826,-0.0254013455999913,0.02555083260808777
RZLT,2024-09-19,pos,0.14612128850377326,-0.08691518385672747,0.0343127199662403,-0.04642543173225033
BHVN,2024-09-23,pos,-0.0005323619028922977,0.0312547037949944,0.13777701064150127,0.1366084262272791
SRRK,2024-10-07,pos,-0.10209815526767585,-0.0633691365209259,1.384085842287932,-0.0853007142001374
ANRO,2024-10-22,neg,-0.011012097663235298,0.020888162640143815,-1.1718941698200793,0.06402838547214662
AQST,2024-10-24,pos,-0.010263083832463105,0.11436181816477564,0.01714742120783108,-0.16685611186842153
MNPR,2024-10-24,pos,0.8625661614630438,-0.18281966056696985,1.2915774159420692,0.1818137582418511
INCY,2024-10-29,pos,0.017597942753432072,-0.0007126394933170133,0.11888297260276826,0.007339656971632635
SPRO,2024-10-29,neg,-0.045771401890885854,0.013389109259302756,0.000711012975808778,-0.13678412540862162
PFE,2024-10-29,pos,-0.011742145687638317,-0.0015429607202324114,-0.0111400446610328,-0.09034095917459517
CORT,2024-10-30,pos,0.23402172391107445,-0.01624609600835214,0.031286770550355225,0.14937675167057973
NBIX,2024-10-30,neg,-0.01775674382790715,-0.009763037940179409,0.05015771353960741,0.02106427307725589
ABBV,2024-10-30,pos,0.02191270237402243,-0.011040625080059208,0.08900274657344553,-0.13770936444071147
LLY,2024-10-30,pos,0.03993590913537748,-0.01899694132114771,-0.0696069823583434,-0.07986833243131741
AQST,2024-11-04,pos,0.10668977891947806,-0.002438706301961968,-0.16268883636338516,-0.05031569883832265
SNDX,2024-11-05,pos,0.06853715772838109,-0.014038707304339315,0.087838014128363,-0.19627442150283292
PCVX,2024-11-05,pos,-0.05382924875842132,0.0020974142218168623,-0.05492494470798004,-0.07575325131474298
RARE,2024-11-05,pos,-0.07994492927067176,-0.040183898791739114,-0.042569759624074166,-0.033603023523439024
LNTH,2024-11-06,pos,-0.018583483597002903,0.02764913912348277,-0.28714924827797805,0.0682581488315277
PRAX,2024-11-06,pos,0.17307138444183945,0.015794595510652876,0.01191489377660826,-0.04400743020025555
RXRX,2024-11-06,pos,-0.020727574433904605,-0.0013655267003245264,-0.00747471931740229,0.0064124533877900625
URGN,2024-11-06,pos,-0.0001252663812953969,-0.08633844256731082,-0.032524817840526854,0.06576867726769953
RPRX,2024-11-06,pos,-0.016001818375098065,-0.009316876278300246,-0.061215319166350035,0.060048184333812316
GILD,2024-11-06,neg,0.055255469487313746,-0.0004829191442494718,0.05822051163108988,0.009556537966193268
AVIR,2024-11-07,neg,-0.04959383365621095,0.045532328321548965,-0.03944268987243804,-0.12476618157457064
LPCN,2024-11-07,pos,0.16335052069048195,0.0354581787332211,-0.2583049535775115,0.11857999081050274
MLTX,2024-11-07,pos,-0.08296973699599874,0.049205894402725825,-0.011032302353621404,0.09729163269178231
RNAC,2024-11-07,pos,0.1933575912916048,-0.002105538368369242,-0.02164828877557934,0.24101929566863767
SIGA,2024-11-07,neg,0.07470556079124147,0.01270233603290527,-0.036464164547101996,-0.03442645862918359
MNKD,2024-11-07,pos,0.10851937093026365,-0.0032467656850347915,-0.0290134355526932,-0.028190473910812974
IMNN,2024-11-07,pos,-0.07512788921292479,-0.04356181218817623,-0.17811102491792896,0.09837733722064268
ATOS,2024-11-12,pos,-0.10049145997498599,0.11744344322436495,-0.1330242433873532,-0.08509128060742643
BHVN,2024-11-12,pos,0.010156458114250366,-0.008864188696309672,-0.03225147036189835,-0.1054632534202824
SNDX,2024-11-12,pos,0.004346463840261272,0.07237079125488277,-0.23519273454520118,-0.12498725775484809
MIST,2024-11-12,pos,0.02677031971486088,0.1704435273433183,-0.018331241062651493,0.052374789596166815
AXSM,2024-11-12,pos,-0.025288261805981094,-0.00920004458897683,0.10718272989291844,0.029948177851831126
MIRM,2024-11-12,pos,0.024904360890324106,-0.006889302559034416,0.08862038959358598,0.023785345391875268
ZLAB,2024-11-12,pos,0.2292796406008537,-0.023027435210109637,-0.0027657071971454172,-0.06691544791073012
SYRS,2024-11-13,neg,0.2096182430153124,0.12723358514074135,-2.258963512205154,-0.12527227520854267
SPRO,2024-11-14,neg,-0.04894067196197138,0.029555744466991385,-0.019181496340543808,-0.11480786857206328
PHGE,2024-11-14,pos,-0.22467240068577565,-0.08515326409893431,-0.06974070223492079,0.00537728775818902
PTGX,2024-11-18,pos,-0.01301764759925339,-0.003278521924379607,-0.0761912877262243,0.036309597554473605
ADIL,2024-11-18,pos,-0.01949688053678411,0.16824095218316115,-0.06280526375328721,0.09714138567487574
ENTA,2024-11-25,pos,-0.0723631286151063,-0.06981840599980549,-0.11396445673452815,-0.26681201653611275
BBIO,2024-11-25,pos,-0.07688788064692176,0.0012725222981138096,0.09452924642408878,0.14807762120348178
ALEC,2024-11-25,neg,-0.17366826758240372,0.0012702819658421127,-0.45403329223227384,-0.25672075386091997
CRVO,2024-11-27,pos,-0.31900523366070654,-0.2391850777393203,0.29484818717236294,-1.417445514911524
RNAC,2024-12-03,pos,-0.22218287021888106,0.07157721189460409,0.12229457197341365,-0.18565857325906476
ROIV,2024-12-03,neg,0.06658981534187047,-0.015457536525764315,-0.024845912617829757,0.07381632290476281
ENTA,2024-12-09,pos,-0.3700227270842147,-0.06711294140200375,0.0944625936288288,-0.4616198665830147
QTTB,2024-12-11,neg,-0.6510114370364803,0.012327473274202916,-1.7144625738985355,-0.2602254195722058
ANNX,2024-12-16,pos,-0.4015978680645851,-0.06022919959715822,0.08183042334562285,-0.09828934575973802
EWTX,2024-12-16,pos,-0.11686052322684093,-0.040103205877378034,0.07564744669482026,-0.048002896166211784
OMER,2024-12-19,pos,0.7232153040893534,-0.08294495265164148,0.30865881633228964,-0.10344153888515262
BMEA,2024-12-20,pos,-0.3615315155912837,-0.2845921001426921,-0.03525936739392921,0.09406452528017395
CRNX,2025-01-10,pos,-0.03372490297806019,-0.06947401535548225,-0.18345851769910482,-0.0783993083762744
ALEC,2025-01-10,neg,-0.6844584447376849,-0.013790664833157273,-0.0139995778555142,-0.09492475850977422
INSM,2025-01-10,pos,0.005413980750473613,-0.07086296337635734,0.08274478748999048,0.11167020641094183
CADL,2025-01-13,pos,0.6993770666372101,-0.0870156123494672,-0.010877862626073043,0.02860564430060908
RARE,2025-01-13,pos,-0.07208733707693638,0.046308729370514,-0.018380078283392276,0.058013564518481164
MIRM,2025-01-13,pos,0.021147580039506675,-0.0025241816375554116,0.07884324969341128,0.11939801177456522
PTCT,2025-01-13,neg,0.1342613603563647,-0.024819875584561224,-0.01811398601714087,0.12400235717546337
EXEL,2025-01-13,pos,-0.013624631980938773,0.09126380060791206,0.02125030867662625,-0.11022126725305137
SRRK,2025-01-13,pos,0.23515937136382803,-0.0767107713728814,0.05693642822252487,-0.14189313270907578
CRNX,2025-01-14,pos,-0.0477304891801249,-0.22475397453415136,-0.052926447408594424,-0.05817249620292442
OMER,2025-01-16,pos,-0.061515765134255496,-0.06388796100532534,0.05375532183971554,-0.05456675902404173
IXHL,2025-01-23,pos,0.14129909605530822,0.04471489871805412,-0.08792348853113063,-0.07512803112237476
CGEM,2025-01-29,pos,-0.11379589160049708,-0.027093745087050536,0.045617408691178696,-0.1718189536084349
PRAX,2025-01-29,pos,0.11887280494989483,-0.07598027101766558,0.007228758735187135,-0.08718057731609452
IKT,2025-01-29,pos,-0.07232712058792323,-0.03575722245688384,-0.3667615381266136,0.26915789121939393
ABBV,2025-01-31,pos,0.0016019122196544444,0.019318515380993162,0.10219208593717699,0.17214900467497785
PFE,2025-02-04,pos,0.04341744385174984,-0.0017063084193895683,-0.02613111743901042,0.05633280644261518
MRK,2025-02-04,pos,-0.011444752929018698,0.042797342199997424,-0.1421815546697669,0.11392887143437758
KURA,2025-02-05,pos,-0.1996233594170902,0.14511418833066703,-0.01651023147809072,-0.065828884985772
EYPT,2025-02-05,pos,0.009163649693229914,-0.014224619242415137,-0.14928598076985877,0.09973679070751351
LLY,2025-02-06,pos,0.042433719016446325,0.010433273142123056,0.0792263658009773,0.035875530884372786
INSM,2025-02-06,pos,0.05378525978612014,0.052999793447696675,0.0187553682125694,-0.021238162149285422
TNXP,2025-02-06,pos,-0.4461907263127678,-0.9431951214253673,-0.1526056742964106,0.09373982543675208
ARWR,2025-02-10,pos,-0.04736524348586002,0.0789714333964624,-0.04473272783754867,-0.1937143893472637
GRCE,2025-02-10,pos,-0.12295381915826109,0.008162829188515408,0.08128240396364861,-0.34953337833017817
INCY,2025-02-10,pos,0.059466488005128326,0.007245772663830863,-0.08688250440431666,0.05877028145448815
VRTX,2025-02-10,pos,0.15409410738318297,-0.0002638896159128379,-0.006208576831103763,0.10310706542888504
AGIO,2025-02-13,pos,0.008210034393742571,-0.010810389499634532,-0.0034599330823126273,-0.02347189772320535
GRCE,2025-02-13,pos,-0.1269328631353419,0.07815547723394678,-0.024536739587248446,-0.411095690796733
VERU,2025-02-13,pos,-0.18093644731820424,-0.016015898941794227,-0.034227806192175025,-0.06982936693625463
RARE,2025-02-13,pos,0.031055408055897793,-0.015602875028821295,-0.037760345128836637,-0.029073330145406473
SUPN,2025-02-18,neg,0.04468459564587546,0.018861220432703885,-0.16641394950802368,0.033516453374133004
AXSM,2025-02-18,pos,0.4036601168633611,0.019750215770283575,-0.04464762517233645,0.0537307769141
OMER,2025-02-20,pos,-0.2452861736922407,0.05180582860120575,0.0014141657399036056,0.04858530684833706
INSM,2025-02-20,pos,0.157279889026686,0.023720167221727984,-0.02459089002229664,0.02868066929840385
PTGX,2025-02-21,pos,0.03111056061372519,-0.026179557566472944,-0.03832650491005163,0.41389197931779886
PCVX,2025-02-25,pos,0.0279180778314867,0.003822777521203413,-0.01694413310179943,-0.07644228015527421
KURA,2025-02-26,pos,0.09047469073431547,-0.00833636038202945,-0.011531950927746948,-0.04558536642994171
CGTX,2025-02-26,pos,-0.22287843898218263,-0.15529121372250448,-0.10308341167879564,-0.012151771407952094
ALEC,2025-02-26,neg,-0.01743557049392408,0.009049231276282321,-0.04607164638867178,-0.22104581825031422
MLTX,2025-02-26,pos,-0.13414491209672974,0.014064732846954087,0.043303786207117057,-0.060973860131401825
CORT,2025-02-26,neg,0.3547100814211648,-0.1406705258221086,-0.00470554434457604,-0.023454626922022825
CLDX,2025-02-27,pos,-0.11328010391917465,-0.04135058770861599,-0.008111448262357879,0.007346146721873836
PHGE,2025-02-27,pos,0.19909089572014516,-0.08380834839992435,-0.25366020194302985,-0.07355277817174999
SRRK,2025-02-27,pos,-0.12394215264869546,-0.006531678778304517,0.042278399680560685,-0.11512988885164255
CRNX,2025-02-27,pos,-0.09541011013967493,-0.0749391604616978,0.08941284805974004,0.01154591420764195
ZLAB,2025-02-27,pos,0.1669354629260682,0.17309195415923728,-0.01753584006413922,0.07994550756915686
EWTX,2025-03-03,pos,-0.13750996758291967,0.060996510313577446,-0.03642577346181497,-0.04751320838443007
BHVN,2025-03-03,pos,-0.035869140578388414,0.06105215972273781,-0.14040411310115752,-0.20601544539688277
PTGX,2025-03-03,pos,-0.0699507064797702,0.05887766807658723,0.05758223664278983,0.28398502434226147
TRAW,2025-03-03,pos,-0.556876816706046,-0.17368764412072446,-0.29613993382056636,0.02173314817461036
AQST,2025-03-05,pos,-0.12297903912271102,0.017016682261550287,-0.06725197245127035,0.24123375076974285
MLYS,2025-03-10,pos,-0.05501810744367308,0.14307731859548278,0.32000988862351765,-0.0052526976246509705
PTGX,2025-03-10,pos,0.10104837121047083,-0.023569143248018065,0.45661061355551436,-0.15832240676775466
TRVI,2025-03-10,pos,0.14817719307616528,-0.010319536932253959,0.3949631854591751,0.07979623252447565
PTGX,2025-03-11,pos,0.09632894552060023,0.36837675977286954,0.01943508759093948,-0.10266975213665708
ARVN,2025-03-11,pos,-0.022629368707873798,0.059775543203276715,-0.6755679571341475,-0.15567812236325196
SGMT,2025-03-12,pos,-0.17982377147196282,-0.05619204687717705,0.03563585919875534,-0.29778195403883934
CADL,2025-03-13,pos,0.22634157213780748,0.029081999930132163,0.07865445516736536,-0.41059835190992544
MBX,2025-03-17,pos,-0.1781925576559802,-0.04194406006974605,-0.021633910412162116,-0.006632933276496722
TNXP,2025-03-18,pos,-1.0762040348762376,0.15335923277927987,0.021048431498459585,0.1649834940867123
TRVI,2025-03-18,pos,0.5420917525526918,0.013082580095712615,0.04990028387399503,0.03946780205771727
ROIV,2025-03-19,pos,0.038443883298104,0.021632611654829326,0.019124042218641613,0.05132582540733521
IMVT,2025-03-19,pos,-0.036384428676730085,-0.006101328627567959,0.041923689236009754,-0.14087768905839715
TRAW,2025-03-24,pos,-1.0845470277007103,0.08258473394988786,-0.06884251779123451,-0.3651189413161268
TNXP,2025-03-24,pos,0.42640183950833155,0.3602007288809079,0.2571052749304714,-0.5733767137518617
PHGE,2025-03-25,pos,-0.36340729438182384,0.03355649585193321,-0.1488711061575696,0.20086630194551036
SPRO,2025-03-27,neg,-0.025782923326005264,0.15202988663594202,-0.140710153052432,-0.005894364572277211
KOD,2025-03-27,pos,-0.4809410912890777,-0.04679591294938201,-0.02576249816995313,0.39812079945035284
RANI,2025-03-31,pos,-0.20284363415297052,-0.026733330865345295,-0.023661115519544973,-0.14915080074742376
CORT,2025-03-31,pos,-0.19164935476235634,-0.0338444231638233,0.59725362909154,-0.27391884634930985
MNPR,2025-03-31,pos,-0.15086243586221082,0.12113602359472919,-0.11083253487061384,0.18076640808030708
PTN,2025-03-31,pos,-0.3242914452206751,-0.07678899238827164,-0.22102503406014185,-0.8937945044551356
TRAW,2025-03-31,pos,-0.8366439406229076,-0.11729086573909842,-0.03785348918027076,-0.44962811453029927
PHGE,2025-03-31,pos,-0.3227179027301048,-0.05079504044281835,-0.06656187814133041,0.18593430098186126
PCVX,2025-03-31,pos,-0.10562094807010958,-0.009834280210899493,-0.6910439426553143,0.029360633493000332
CMPX,2025-04-01,pos,-0.3969851965737019,-0.05942211944673392,-0.11081687500656046,0.06698443313680869
AQST,2025-04-01,pos,0.01788680856555591,-0.033526247799910314,0.05345516881628143,-0.06742653797407105
MLTX,2025-04-03,pos,0.02819396230341109,0.013522262545906827,0.06759104729953247,0.0032954673708704973
RYTM,2025-04-07,pos,0.06590694263410413,-0.02441948707099284,0.26051941737274964,-0.01763252694298245
RNAC,2025-04-08,pos,-0.27834712858231914,-0.14296759821939187,0.09100904424482215,-0.14507851850942455
GRCE,2025-04-09,pos,-0.11084118402111942,-0.06756879441084229,0.011149001887588494,0.28094469925653753
SMMT,2025-04-23,pos,0.4330062115580007,0.09088812140622204,0.25305270513194156,-0.3481600921535226
INCY,2025-04-29,pos,-0.0524898813255934,-0.010307255667381554,0.03217949513412055,0.08729234734961633
PFE,2025-04-29,pos,-0.017159997533478855,-0.024105900822073867,0.0380956786660529,0.018900346545049018
AMGN,2025-05-01,pos,-0.06670125931992477,0.013682827143684406,-0.04051980126368093,0.08624311294930731
SMMT,2025-05-01,pos,0.6787551111105605,-0.44488305574871534,0.13897656657571034,-0.37338470586195127
KURA,2025-05-01,pos,-0.06919007791658593,-0.005131603871934676,-0.020423220074220483,-0.0754692874353291
ARVN,2025-05-01,pos,0.14522485965924803,0.026036143200025563,-0.22663861784782036,-0.016736806873335563
AGIO,2025-05-01,pos,-0.0010224419085007597,-0.010558783203582944,0.007106175738992526,0.11701580590356642
ANTX,2025-05-01,neg,-0.02577321796922677,-0.0646784880471381,-0.022869207037482353,-0.08758549759871798
AXSM,2025-05-05,pos,-0.10123280589672312,0.01946272240527147,0.07839034601168304,-0.0832928684404326
PTCT,2025-05-05,pos,-0.06720713876649764,-0.022028985995834027,-0.24340372314730851,0.2720995415913543
PTGX,2025-05-06,pos,-0.0813457216087734,-0.03917316927081549,0.03903214048842063,0.11465782479757891
RYTM,2025-05-07,pos,0.26189463368415256,0.03344208523505099,-0.043458546599996595,0.029801376215282893
PCVX,2025-05-07,pos,-0.6541911934280402,-0.13129966964374518,0.06165059051574273,0.04491457975332347
EWTX,2025-05-08,pos,-0.2585211402129026,-0.07422558753464692,0.01661234080575147,-0.05378257900198502
TRVI,2025-05-08,pos,0.09696669842085948,0.02905582298541276,0.0034388333226593737,-0.03067998407675976
RPRX,2025-05-08,pos,0.015376865608338175,0.07273617916692654,0.0246283403832237,-0.07256438970630619
VERU,2025-05-08,pos,0.05402894705872452,0.0252371102952913,0.012488660381093197,0.11705595595899676
MLTX,2025-05-12,pos,0.0847860023571041,-0.006763447951877666,-0.013253158558889755,0.08344837712747744
MLYS,2025-05-12,pos,0.07539426713595088,0.014011083642163413,0.02112588275410232,-0.04119218798135815
ARWR,2025-05-12,pos,0.047211414559855225,0.00838959255512517,0.14421929881444173,0.009885364066449132
TNXP,2025-05-12,pos,-0.2747783913658486,0.03970563138473571,0.05416959462595372,0.5310116459120313
SPRO,2025-05-13,neg,-0.17280751018723356,0.00421930842236401,0.10305125819347533,1.3607803172057482
KOD,2025-05-14,pos,0.36741239755158506,0.03792951412605894,-0.19118082916535228,0.01615681032797678
IXHL,2025-05-15,pos,-1.7931683052838996,1.8453240080762923,-1.0245096266972862,-0.28914815164586005
PHGE,2025-05-15,pos,0.12359274762603434,0.0035150341151322095,-0.046990553909958876,-0.3341966547948254
RGNX,2025-05-19,pos,0.16143874241915412,0.11466958714677578,0.08798368660375333,-0.152433167503514
ARMP,2025-05-19,pos,-0.03189340123930248,0.04316734780260706,0.48115128785985795,-0.1989165002642601
IONS,2025-05-19,pos,0.14520905978282217,0.006321363926978574,-0.002919824822706474,0.03902479540819437
CADL,2025-05-22,pos,0.04505646019996812,0.045772398579978946,-0.003677112069068844,-0.19091745923210124
GYRE,2025-05-22,pos,0.30712914050715256,-0.07581549658602471,-0.17423308369860724,-0.1508888468235723
PRTA,2025-05-23,neg,-0.4107676715686621,-0.09474083794972943,-0.35839669841264676,0.22614110383789998
CADL,2025-05-28,pos,0.08236543571237953,-0.027742065321250342,0.029152924405989378,-0.19034642873678154
SPRO,2025-05-28,pos,0.034302541742587234,0.02907398145398593,1.1243255420315066,0.26926392681009637
IMVT,2025-05-29,pos,-0.10419418882937315,-0.014663294686894979,0.046507035809430164,0.033623546942394
ROIV,2025-05-29,pos,0.03247007770492649,-0.019856500524314313,0.028928711862582723,-0.011445797792484669
TRVI,2025-06-02,pos,-0.020061775212736777,0.0324823126630609,-0.12895512091239958,-0.05195707377080305
ACTU,2025-06-02,pos,0.17653223236312376,0.13958997824705532,-0.23827790008612837,-0.47310454404043667
KURA,2025-06-03,pos,-0.09382781051227163,0.09182927843013933,0.008382244792998428,-0.1322062601723193
MBRX,2025-06-04,pos,-0.10526292505109502,-0.10438905425356104,-0.19937857760798705,-0.739776475302615
INSM,2025-06-10,pos,0.021787651586682166,-0.056561017332768415,0.3254146525483579,-0.060082449910848545
VXRT,2025-06-11,pos,-0.1313322959623241,-0.058701845759209004,0.33626902416699767,-0.21345119298590687
MLYS,2025-06-17,pos,0.017703440146330074,-0.1528315564036169,0.029156701502835336,-0.02057893656282417
KURA,2025-06-18,pos,0.008730469011464459,-0.08259252848166598,-0.06151230312952949,0.03736258955834715
GRCE,2025-06-23,pos,-0.1391558056364839,0.0695091194136006,-0.017413922231040324,0.07621971573880848
NKTR,2025-06-24,pos,-0.07145791194192919,0.0440669645841254,1.103849935677303,-0.210294833583061
ASMB,2025-06-25,pos,0.26111280209166177,-0.013817364732066295,-0.005329645679648998,0.03263182460683467
GRCE,2025-06-25,pos,-0.021896426091613685,0.02697209150127855,-0.018531089251641708,0.04021682055564346
ALT,2025-06-26,pos,0.08094430031064292,0.12110365233275444,-0.7866279159736962,0.09939986550444702
CLRB,2025-06-26,pos,0.31321333857996736,-0.34246926751200135,-0.001923202866947804,-0.4935190467211559
IRD,2025-06-26,pos,-0.06088542416424604,0.03467409986156395,0.013383798188749255,0.13178294616467073
ATAI,2025-07-01,pos,0.18066093247624432,0.047888473553619026,0.2055185337698563,0.21559732854916258
APGE,2025-07-07,pos,0.052984201283516885,0.06337896378284746,-0.2588066843530066,-0.0020633212084999464
PHGE,2025-07-08,pos,-0.20997979409377265,-0.030280331310720054,-0.09657425138779674,0.04676737450242996
PROK,2025-07-08,pos,-0.3086471645421246,0.017214720206935874,1.917046602980962,-0.2993171499439278
RYTM,2025-07-09,pos,0.006556554320813035,-0.02402460079186941,0.2701348536536985,0.036623142734522496
PROK,2025-07-15,pos,1.5919658979246623,-0.051948370968978974,0.01589274043874367,-0.49963120170817776
ALKS,2025-07-21,pos,-0.1283756754202079,0.0069614927008840866,-0.08322406848027875,0.00019330821043617163
EXEL,2025-07-28,pos,0.048368478961958505,0.009765782844755488,-0.1902026481789565,-0.008132740884909229
INCY,2025-07-29,pos,-0.03242524312726225,0.01996880034212367,0.10396387286802877,0.0383298497807818
ALKS,2025-07-29,pos,-0.15770935247829732,-0.031251609520714485,0.069671559114175,-0.004659489874700995
MRK,2025-07-29,pos,-0.02039886619892961,0.031425450567097,-0.024045639710879918,-0.002696127810708937
IXHL,2025-07-30,pos,1.535954255801687,0.08505697118938071,-0.6017030814222313,0.08302531652446188
IONS,2025-07-30,pos,0.12073668639251656,0.005883470206503372,0.03762250297721481,-0.058006296260595835
ABBV,2025-07-31,pos,-0.039878132260398935,0.006393287866751862,0.03434226736924639,0.013532539407985489
CORT,2025-07-31,neg,-0.09613135922191418,0.04813920014999251,-0.009501258835125093,-0.041122988194691956
AXSM,2025-08-04,pos,-0.07090026383536507,0.03328085055706964,-0.0051318421321191465,0.10843154816874279
MLTX,2025-08-05,pos,0.14396360546068054,0.007007610612479898,-0.002578844994489682,0.036516257886042514
AMGN,2025-08-05,pos,0.006784019024915544,-0.01670292057389222,-0.05091837556210965,-0.07851182846614524
PFE,2025-08-05,pos,-0.01044603317650905,-0.04355214118796269,0.024836023196721513,-0.04839917109398728
PCVX,2025-08-06,pos,-0.0009903330924672105,-0.03885279589679991,-0.09908332353961136,-0.022349901515702708
SRRK,2025-08-06,pos,0.08101841620763217,-0.029773779290113822,-0.14595490955003187,-0.05848820481434913
RPRX,2025-08-06,pos,0.00031660121379539774,0.014010465132929806,-0.0062532181900940564,-0.08816245576192605
ZLAB,2025-08-07,pos,-0.01587740791105796,0.01857559450483981,-0.09399143678574706,-0.2391040812528944
AMLX,2025-08-07,pos,0.20361079993333742,0.014257734936954591,-0.06135592837743342,0.17787540715625827
LLY,2025-08-07,pos,-0.07179913426272844,0.003005021983192968,-0.16827003369176197,0.04150357896019319
GILD,2025-08-07,pos,0.024674126562644894,-0.023533785736963075,0.08770073859759808,-0.14831086616652378
INSM,2025-08-07,pos,-0.00876748706479713,0.030955979264732925,-0.007328397399231967,0.169927399323905
CGTX,2025-08-07,pos,0.6478228706677736,0.18788101565614052,0.06820561013480836,1.1292730084585185
CYTK,2025-08-07,pos,0.09779690519050632,-0.07419885009986471,-0.0215891185160606,0.32977522028057527
TRVI,2025-08-07,pos,0.22776895119520102,-0.02387080411925835,0.0285831110892234,-0.16795604249598117
VTRS,2025-08-07,neg,-0.045457631226204054,-0.004328238108371796,0.11123257725262548,-0.020576344457712725
TOVX,2025-08-11,pos,-0.08335705322909892,-0.11061198042392795,0.13299142278833853,-0.1609989229380845
APGE,2025-08-11,pos,-0.19931564748317854,-0.034814539263301914,0.019056714730771862,-0.04183631911886021
SMMT,2025-08-11,pos,0.28178726983508806,-0.006627768427801328,-0.12688605795667396,-0.3993995885384596
ARMP,2025-08-12,pos,0.20553722193761426,-0.06559368735105409,0.007698957558222919,0.12786423374054512
PROK,2025-08-12,pos,1.5136309220136357,-0.3240805830865102,-0.0001903165740977375,-0.14054998673034036
MLYS,2025-08-12,pos,-0.06734628087572325,0.003108859994967794,-0.0222648211878802,0.9973228505961926
GRCE,2025-08-12,pos,-0.045221470434003486,0.062490729273643186,0.006511133216672738,-0.053884562523297985
PHGE,2025-08-13,pos,0.32986392270636156,-0.1546009531867223,-0.14094405280734357,-0.05434001588946469
KOD,2025-08-13,pos,0.7510838233424597,0.02793301500082146,0.1341283682722456,-0.0782219781408049
IRD,2025-08-13,pos,0.11932474173417507,-8.062472479936078e-05,0.031122018192432585,0.11187749002623495
ATAI,2025-08-14,pos,0.39955486958171593,-0.07244466262806837,-0.05575660766753776,0.1394880096485691
IONS,2025-08-21,pos,-0.01869519873069425,0.0029812531603381487,-0.02168174815662338,0.30688036641939886
TBPH,2025-08-25,neg,0.14999962846854942,0.01396350150053527,0.0033426402452025883,-0.054545145622629576
GRCE,2025-08-27,pos,-0.013035971086375664,-0.023001245930416303,-0.07843664792382943,-0.03048843220148645
BTAI,2025-08-27,pos,0.937747185461919,0.03132274484317055,-0.24966317427778684,-0.4343947029967239
OTLK,2025-09-02,pos,0.28044489861628963,-1.261772655033517,0.0033864350171878,0.10691649981308406
UPB,2025-09-02,pos,0.4163001506770021,0.011760220642552,0.11347814003501888,-0.12922984529170956
IONS,2025-09-02,pos,-0.02735637308591432,0.007550523775841977,0.308262454148164,0.010463717595917466
CGEM,2025-09-04,pos,-0.06267155755535914,-0.06337644167828849,-0.1185814309104054,-0.2674915163976459
RAPP,2025-09-08,pos,0.03237796053301922,-0.2658258968228693,0.673974515060316,-0.09793936935183511
RARE,2025-09-08,pos,0.06635930549479019,-0.00043860249922023087,-0.004961802388742331,-0.1300161707370049
GYRE,2025-09-10,pos,-0.04462420398092526,-0.06617719021834345,0.04946163009250926,-0.20366205282309324
ATYR,2025-09-15,neg,0.04816722436527798,0.10258648792447467,-1.7157402657023757,-0.22783845888286042
GRCE,2025-09-18,pos,-0.01621637999833614,-0.030593182252638185,-0.006340585592301995,-0.08653842246724142
IONS,2025-09-22,pos,0.3069174102674821,-0.024434380934299504,0.012801530264362704,0.031991858824723884
QURE,2025-09-24,pos,-0.09348425453262044,-0.06772364078842497,1.3586425297653366,0.016250935219002116
ENTA,2025-09-29,pos,-0.0882422921241286,0.018984358846698246,0.3928296709173087,-0.23869152866184873
MLTX,2025-09-29,pos,-0.08124046665194129,0.1133455257699163,-2.179778542953935,0.2319917672255103
ATAI,2025-09-29,pos,0.11329300673715625,0.07022700700872209,-0.018923219690894832,0.05428839041350786
INMB,2025-09-30,neg,-0.3053670999216985,0.03173807010790852,-0.010388197718927628,-0.2568099075409145
OVID,2025-10-03,pos,0.5057805693200741,-0.09970856443672332,0.07733649191796926,-0.33680665560821843
SKYE,2025-10-06,neg,-0.011626577807963168,0.16092422604516066,-1.0520989433579078,-0.1592500525113768
ATAI,2025-10-16,pos,0.058052814992433754,0.07223635013418495,0.08428327709257633,-0.4832200507083291
PRAX,2025-10-16,pos,0.03338221337436531,0.028994283534386156,1.2030723144743618,-0.10215595445447345
NEUP,2025-10-20,neg,0.2429089865768188,-0.09822523374461367,-1.1793455748565487,-0.07839667203326739
SMMT,2025-10-20,pos,-0.22287972387858845,-0.11214919865614492,-0.12958057422388158,-0.14737284064048506
INBX,2025-10-23,pos,0.14093631138830354,-0.14380684494056162,0.5875830528526973,0.28292818060166436
BBIO,2025-10-27,pos,-0.06377631915140736,-0.01981886175901204,0.14011492360103306,0.030387009809049736
IONS,2025-10-29,pos,0.01801882413973388,-0.014143915843304988,0.008926223711495318,0.01559077205916548
BBIO,2025-10-29,pos,-0.10215019813602133,0.14917140280897634,-0.016870854875150165,0.030510057269389712
IXHL,2025-10-30,pos,-0.5747001410534862,-0.025272952044624653,0.07886643981335384,-0.1348074058136408
MRK,2025-10-30,pos,-0.06568740015851215,-0.03802690808012432,-0.022602582723358466,0.10955903646136012
TECX,2025-10-30,pos,0.006366762783116986,0.03722006068514583,-0.03571957816932381,0.07242705070847055
INMB,2025-10-30,pos,-0.2023739062918105,-0.01450003160001545,-0.01016888088148793,-0.13909710197204617
ABBV,2025-10-31,pos,-0.08075906535237642,-0.031038647620631465,-0.05533655927175918,-0.02684250868783078
AXSM,2025-11-03,pos,-0.005198610831258499,-0.007687499676724663,0.04187190787515682,-0.040369206752377984
MLTX,2025-11-05,pos,-1.8356034513725725,0.07936538005183369,0.00416788876824592,0.25633429022422227
UPB,2025-11-05,pos,0.25916910700145257,0.061203473845576895,-0.06819205850614596,0.038879586328627536
PRAX,2025-11-05,pos,1.256433054617479,-0.10418122222060777,-0.00801593053879568,-0.022871125199683817
AMLX,2025-11-06,pos,-0.126284785487758,-0.03495750416030052,-0.07053876173353713,0.018298671012583867
MBX,2025-11-06,pos,-0.05772687459042203,0.05870621311615887,0.12797654245707868,0.0988468583469908
ATYR,2025-11-06,neg,-0.2070005121118812,-0.06258900501645445,0.005970478739324714,-0.1159998352369335
RAPP,2025-11-06,pos,-0.1414299991711756,-0.0023463930029170577,-0.017388569012061872,0.014925604226039724
ZLAB,2025-11-06,pos,-0.3799281564472654,-0.004196482033612892,-0.12206520579915248,-0.24060345971281638
TECX,2025-11-06,pos,0.02205739535371709,-0.04375912963205675,0.16371518807958418,-0.0939478628808259
APGE,2025-11-10,pos,0.23733586858590838,0.014827854877280888,0.09498896294513148,0.11060122145844087
ALKS,2025-11-12,pos,-0.05105916299518398,0.04150042263583753,-0.06785576769850632,-0.15582079933618465
PHGE,2025-11-12,pos,-0.3236367996165006,-0.11823696414200602,-0.07411823514022786,-1.0931806703273996
OVID,2025-11-12,pos,-0.0632897482026546,-0.028087885508960242,-0.0991918644346694,0.22380183159444814
ATAI,2025-11-12,pos,-0.25229968289047533,-0.05423702649616691,-0.051530961478770454,-0.026789566669972675
GRCE,2025-11-13,pos,-0.08485044646108597,-0.04645293425354913,0.010729007425805737,0.0015787701218235028
VXRT,2025-11-13,pos,-0.0750304094767813,-0.09722521044822352,0.13092980002910848,-0.17960863716516884
SPRO,2025-11-13,pos,0.12331850765443031,0.0638747037616818,-0.09782265170385618,-0.11501413092860158
KOD,2025-11-13,pos,-0.0051919090726189054,0.13768315273297071,-0.03635090694604415,0.12222396698705928
INBX,2025-11-14,pos,0.7731708201803098,-0.1049202466939585,0.01017416607230004,-0.08227769853727374
ZYME,2025-11-17,pos,0.0027070289571722306,-0.009282350998653044,0.20599809533643665,0.05964439253756426
ZYME,2025-11-18,pos,0.06972996301053236,0.187108898372065,-0.05305055962523486,0.069532020857622
ARWR,2025-11-18,pos,0.005989630334902074,-0.0402375863127431,-0.026952367528711108,0.4537937876590252
AVXL,2025-11-25,pos,-0.9912898271576718,-0.16532284838197553,0.19875910287193066,-0.06794230425144354
FENC,2025-12-02,pos,-0.16889394423446857,-0.0009607552808330588,-0.037301562103598584,0.012903964717402072
CAPR,2025-12-03,pos,-0.42706083009218276,0.3482405590884019,1.345081234110508,0.11929907939214646
DYN,2025-12-08,pos,0.11483021243621794,-0.04541248435362677,-0.07696037934217292,0.004603128648912325
GRI,2025-12-08,pos,-0.1381943451436145,0.015401175690552549,-0.3752497018476477,-1.5855975710687749
GRI,2025-12-10,pos,-0.10779599014515107,-0.34852601894646007,-0.9848457547933558,-0.866361767257553
ROIV,2025-12-11,pos,0.04444739394242614,-0.03561257005063734,0.0791069835215632,-0.007067803134724215
IMNM,2025-12-15,pos,0.1063895000309909,0.0007247002297137151,0.19128884046308903,-0.16508946161294036
PVLA,2025-12-15,pos,0.15230923312615818,-0.019065440650604337,-0.00898051952507295,0.04209462313627199
ALT,2025-12-19,pos,0.22030649311739126,-0.016976472271932108,-0.24998769692501432,0.09183086425118248
CORT,2025-12-31,pos,-0.01251508073027896,-0.1291281036816363,-0.6072790982517247,0.01655568404071106
GYRE,2026-01-05,pos,-0.13989717932244017,-0.03591284354145885,0.01854344919332518,0.08324233301511463
ZBIO,2026-01-05,pos,0.0749730807762834,-0.18023456452937126,-0.8243435424519046,0.2158042112773626
CRNX,2026-01-05,pos,0.023974288939967003,0.002093940909153602,-0.021512115229498363,0.039135113753296036
MLYS,2026-01-06,pos,-0.2122879513370317,-0.0056740520235911696,-0.05967909553326356,-0.134587158896879
ALMS,2026-01-06,pos,0.386010031930615,-0.20253318080218996,0.717509915886589,0.3946086503034003
IONS,2026-01-07,pos,0.0070569122206123325,0.02796623815466237,-0.012568192704264014,0.04797965707799534
MLTX,2026-01-08,pos,-0.008108421982965464,-0.19102488934489203,0.508695744822659,-0.18382476814216941
GRI,2026-01-08,pos,-2.163778751940544,0.15146343751588276,-0.2656099509821339,-0.9773359809037986
VTGN,2026-01-09,pos,-1.95686728263541,0.01112626140058287,-0.0017768002898685964,-0.24058119749083628
DYN,2026-01-12,pos,-0.12508444939751096,-0.061121645622949305,-0.036713486593952016,-0.006107601715824362
PTGX,2026-01-12,pos,-0.058495606416696155,-0.08374924137872508,0.019345489887103717,0.018544509900985773
PTCT,2026-01-12,neg,-0.07051324612367171,-0.025583506453413563,-0.02262304103113788,-0.056157532382674624
ACTU,2026-01-12,pos,0.02109726581818161,-0.0676188220724645,-0.10121225737658612,-0.2687229382063703
IONS,2026-01-12,pos,-0.02330394838623917,-0.01327579285506797,-0.005029592833564855,0.04679888080482364
CORT,2026-01-22,pos,-0.874186563119514,-0.030571912923589295,0.192734557456836,-0.2077525613532618
INMB,2026-01-27,neg,-0.36150094511639896,0.02251507299172595,-0.021459127632688313,-0.16534024015260348
GRI,2026-01-28,pos,-0.9044201891881833,-0.16287446193510546,-0.45748402361377005,-0.25948643445661435
SGMT,2026-02-02,pos,-0.053446958527027855,-0.03693374376673342,0.122821056523857,-0.12160792409930088
MRK,2026-02-03,pos,0.020283315322582318,0.05848968810838073,0.05912872672045122,0.007366336703417353
PFE,2026-02-03,pos,0.009111974610871876,0.015242641183338623,0.02079922141362145,-0.014971164572879392
LLY,2026-02-04,pos,-0.08333348869842805,-0.03355360821424114,0.07299005493222932,-0.0618408322512769
INCY,2026-02-10,pos,-0.005864526513810198,0.0894325627068211,-0.08647601430651353,-0.056994140028434614
EVMN,2026-02-10,pos,0.03872640047206799,-0.07192651341670553,0.527519342426733,-0.2095469135552488
GILD,2026-02-10,neg,0.12050930746848731,0.06910971530823584,0.03844494182785141,-0.078749841517185
RPRX,2026-02-11,pos,0.10522618673132111,0.011661684450505305,0.030640472258085527,0.03338273809884962
UPB,2026-02-11,pos,-0.005875206506257946,-0.05531747713967583,-0.7585671725436423,-0.3004624258025088
GRCE,2026-02-12,pos,0.048078600319801934,-0.0009161275586264672,0.020019891134774204,0.15979561650133078
BBIO,2026-02-12,pos,-0.1490569021091268,0.10827841804915384,0.04031040299444566,-0.0723660216064177
HIND,2026-02-13,pos,-0.2585865454978762,-0.029869022942692447,-0.004068876268574995,-0.15025990070753548
PRAX,2026-02-19,pos,0.11805220187398646,0.009702794761590638,0.025671088655927043,-0.09972192921990164
INSM,2026-02-19,pos,-0.2025836172784512,0.01030226969140191,0.09394186886579803,-0.11575674740100972
MLTX,2026-02-23,pos,0.3628353447289161,0.15864378164466864,-0.06533803621332401,-0.01639169688776665
PVLA,2026-02-24,pos,-0.20287909813105287,0.07376447048170665,0.3709253228341476,-0.03057144235700271
PCVX,2026-02-24,pos,0.15534139732897767,0.10356793792330699,0.034836353864102776,-0.07188997928821284
CVKD,2026-02-24,neg,-0.4804632398552289,0.2937235369610487,0.24138096132740583,-0.33896458293048415
BBIO,2026-02-24,pos,0.019718760017735093,-0.12917584160403095,-0.030644669062310115,0.10003270480599014
ARQT,2026-02-25,pos,-0.06378941824588313,-0.017891927678624686,0.06886458176722288,-0.1984191110652067
TECX,2026-02-26,pos,0.04657200559605146,0.08366531816141709,0.021724241613883866,0.29896608372395717
ZLAB,2026-02-26,pos,0.06549643916895942,-0.04704454805927716,-0.0016869050764745097,-0.06555774937467884
ZYME,2026-03-02,pos,-0.06968187458918162,0.009819358910555298,0.07946125358909084,0.02910359181557931
UTHR,2026-03-02,pos,-0.003728794424644022,0.05692864445739865,0.02038174070407983,0.20440265175292183
DYN,2026-03-02,pos,-0.12291274993622459,0.007797710610314645,-0.036675452572341616,0.19644005702027867
TBPH,2026-03-03,neg,-0.09157719675218168,0.014626593981815539,-0.32593834410699296,0.16171450877157456
IMNM,2026-03-03,pos,-0.0704207522637863,0.024474874489740284,0.014889038007189992,-0.039596978497761004
ATYR,2026-03-05,neg,0.3178565289011893,-0.015737785126413113,-0.13862942207142995,-0.011690631465613832
EVMN,2026-03-05,pos,0.35086999074466974,-0.11137637494978403,0.1356499541277283,-0.1500469862392637
XENE,2026-03-09,pos,0.04621374824887026,0.005916087757744215,0.3409342886815456,-0.061151452063757716
CTXR,2026-03-10,pos,-0.1024846371289333,0.09667008422225853,0.08707226926716435,-0.1252476656429782
CTOR,2026-03-10,pos,-0.027847233043075174,-0.07720893997728595,-0.07346203790182199,-0.4070456148541619
SGMT,2026-03-11,pos,-0.0344832877068606,-0.04870716456869806,0.0035148152813500033,-0.017688858669077323
CAPR,2026-03-12,pos,0.12998570943647136,0.24266502314412008,-0.059239552812095475,-0.037899402194639276
GPCR,2026-03-16,pos,-0.4363839588260232,-0.007392074178740327,0.024496994364785696,-0.14237364361116045
VTGN,2026-03-16,pos,0.1351564989315714,0.026244391854188365,0.04432729860459533,-0.1688238549954546
ZBIO,2026-03-16,pos,0.22168115452173742,-0.04124264013035317,-0.042756219273449414,-0.18434694617819725
ALMS,2026-03-19,pos,-0.03704018922101948,0.0278520776335065,-0.0076357841495928724,-0.14482252201169388
RYTM,2026-03-20,pos,-0.18358263319783852,0.0288860796589141,-0.059559692814175946,-0.0885469062863109
INSM,2026-03-23,pos,-0.0695888352495242,-0.03183261921428837,0.02924640264148426,-0.11872998040221017
FENC,2026-03-24,pos,0.00031627278021995053,-0.020514657583268647,-0.20659232305901454,-0.023185842968192594
RZLT,2026-03-24,neg,-0.18725296608681108,-0.04428475973193269,0.26333527414244184,-0.05651389123999073
KOD,2026-03-27,pos,0.006206669986302149,0.5511162258159898,-0.12434937893968057,0.1569995352475657
VRDN,2026-03-30,pos,-0.028009846441107378,0.009127575848018044,-0.4025408341898813,-0.3891810732782641
CNTB,2026-03-31,pos,0.21291612977355034,-0.06994427224643784,-0.14312379456290403,-0.07513156309254665
PVLA,2026-03-31,pos,0.3818718039249225,-0.042730545983658885,0.005145997228857446,0.014248787015921138
CTXR,2026-03-31,pos,-0.047216378307202156,-0.03679413213420046,0.1358292275796344,-0.3511244618469447
KOD,2026-03-31,pos,0.01737622956570206,0.4384872442197487,0.16141665249462145,0.01717060963530992
CTOR,2026-03-31,pos,-0.7110244704601449,-0.16130001922763404,0.19433660829067323,0.28032274288848213
PRAX,2026-04-06,pos,-0.07566528826589725,-0.007861503136751047,-0.011106540984680002,0.06060139033845058
SYRE,2026-04-13,pos,0.1179175323837649,0.04112712658607709,0.17416710240093192,0.18450860347874176
IONS,2026-04-21,pos,-0.05423415586302127,-0.040067180133642744,0.002955181693061526,0.06639054087375307
INBX,2026-04-21,pos,0.09410301496088458,-0.024860564295329013,0.33780058778017175,0.030010388470117277
KYTX,2026-04-22,pos,0.041651347764439794,0.03288642175951262,-0.06747422534400638,-0.022498550704741493
GRCE,2026-04-23,pos,0.06702780255712915,-0.05447943087512708,-0.5982398311325252,-0.02267466134671492
MANE,2026-04-27,pos,0.24407900851715203,-0.05322913103796356,0.43458165761385725,-0.022395980879622357
CMPX,2026-04-27,pos,-0.07420134623480057,-0.040474294022809554,-0.989620217168597,0.16213238904208727
SGMT,2026-04-27,pos,0.0706623560146773,-0.06110036906606742,0.4169382928895875,-0.20875817975927768
NTLA,2026-04-27,pos,0.051968756311497444,-0.07640130111211718,-0.016022220068965698,-0.062286095627276605
CRMD,2026-04-27,pos,0.05257467288219386,0.011944431434786296,0.03604824155741415,0.07188207102686306
PTCT,2026-04-28,pos,-0.02194694860095936,0.004703472155598298,-0.0382367620041153,0.04828406796364337
ABBV,2026-04-29,pos,-0.19380625570196308,0.031709124933512634,0.0653781926504502,-0.0008609908740311312
AMGN,2026-04-30,pos,-0.11493262889417366,0.011575458860130006,-0.03628104406531829,-0.018519975555303603
RZLT,2026-05-04,neg,0.20880251496796687,0.01686411263987675,-0.02854621208944197,0.2415245912293369
AVTX,2026-05-05,pos,-0.12897068230454733,0.051413010645660506,0.4283197278453219,-0.4033511578993041
IDYA,2026-05-05,pos,-0.2065749777866861,-0.022516183013605584,-0.0363822909056184,0.0468053867393996
SDGR,2026-05-05,pos,-0.06820894599432137,0.03483447996231703,-0.024648187461111082,0.1986690836737166
CYTK,2026-05-05,pos,-0.10285126324529159,0.06694961650295461,0.09410979362741045,0.0019406678864131166
VRDN,2026-05-05,pos,-0.7706372795636729,0.014845581340302338,0.18974924020176864,-0.01097968973686303
PFE,2026-05-05,pos,-0.10468163125520347,-0.024504323153867524,-0.022123314538759153,0.029186078500528456
CTNM,2026-05-05,pos,-0.059677996272546,0.10310752151817448,0.02349697281374441,-0.12120869766510411
RPRX,2026-05-06,pos,0.02416573013290879,-0.01822059385541852,-0.0037973901278252065,0.09788946621224559
INSM,2026-05-07,pos,-0.1144643599996531,-0.04165967295490258,-0.2802500434783921,-0.027073951317070133
PTCT,2026-05-07,pos,-0.0860374918093374,-0.024274722551868244,0.12342083329511677,0.008263552125109541
BBIO,2026-05-07,pos,-0.05710577982626486,-0.09061653682756976,0.01147404060338264,0.04913270052662355
KOD,2026-05-07,pos,0.5940379382048535,0.0067273033211106,-0.09062360021691962,-0.23234369436994262
TRDA,2026-05-07,pos,0.06889255650263237,0.12455346395165678,-0.8298665391000892,-0.02531488202654164
ZLAB,2026-05-07,pos,0.11999616641195088,-0.07676376008308683,-0.10002920810880589,-0.06668134100796497
XENE,2026-05-07,pos,-0.04543260070003452,-0.0027205617052574738,-0.01557821709452245,-0.04126680718878584
MLTX,2026-05-11,pos,-0.08538863362035753,-0.03790991229490848,0.06265198060539579,0.004840370766084234
HALO,2026-05-11,pos,-0.05460412683330773,-0.016016396595825988,0.09945357841438263,0.03423823595779485
NTLA,2026-05-11,pos,-0.02814098263854037,0.006714245404224606,-0.008606094948830023,-0.05537695051129177
IMNM,2026-05-12,pos,0.052023660890230694,-0.011921167813973899,-0.043532029322282284,-0.14796857566826072
ALKS,2026-05-12,pos,0.09758280316316892,-0.028902011146189288,0.08443384323627745,0.17219774585130532
KYTX,2026-05-12,pos,0.05396397778638029,0.10858009638208665,0.033542520234748796,-0.2887781940717953
CAPR,2026-05-12,pos,0.019250976871596936,-0.03983861247797105,-0.058598815285479944,-0.12724547537755937
MANE,2026-05-12,pos,0.44848135757146323,-0.067007261958139,-0.0173279334386649,-0.08884954958390168
ZBIO,2026-05-13,pos,-0.014059080786420264,-0.06324530114330384,-0.013218057236954905,-0.0464424702470998
AVTX,2026-05-13,pos,0.30066471245643056,-0.06931657852174755,-0.047317817316639754,-0.3139908310400341
RGNX,2026-05-14,pos,0.17249850061034788,-0.05340199595308581,-0.5238851294364326,0.12870755029768155
ALMS,2026-05-14,pos,0.030217697258287046,0.029004543736524724,-0.044710853587880184,0.031015176940627942
CTXR,2026-05-15,pos,-0.3223051994232683,0.11674437267869797,-0.25733638852788654,-0.04177435915390448
CTOR,2026-05-15,pos,0.2894453549569904,0.08044474370989396,-0.11669147846400746,-0.26427031275130136
PVLA,2026-05-20,pos,-0.04841358957504305,-0.030030286550898566,0.013557876251910628,-0.0827064420732837
FENC,2026-05-22,pos,0.4295785217900061,0.006447915514038005,-0.012340185482289101,-0.05802072666439617
APGE,2026-05-27,pos,-0.06210234102051615,0.00593932696156152,-0.08175439389052208,0.42396245060768933
TGTX,2026-05-27,pos,0.1950104556395309,-0.042865522999004924,-0.04277504838686497,0.21359381839746572
SMMT,2026-06-01,pos,-0.3563420321953008,0.016384431077706374,-0.09824894631046055,-0.23471210469803339
RNAZ,2026-06-03,pos,-0.532548286356918,0.08863356462796101,0.056509746839673136,0.2026695823582989
ELTX,2026-06-15,neg,0.2659767859048183,0.05072598449752208,-1.694288032342747,-0.04782947717820174
INBX,2026-06-15,pos,-0.34901386282731117,-0.007023194901242036,-0.0016973186871753754,-0.16496371556435196
NTLA,2026-06-15,pos,0.023070811268001812,-0.1488044690755368,0.17204065983221906,-0.2540257569275699
SYRE,2026-06-15,pos,-0.011132369582712798,0.0742997427704486,0.020396225655077593,0.057434295492830856
GRCE,2026-06-18,pos,-0.005080204662756271,-0.08428521231348918,-0.028495113991049092,0.038291314469346305
MLTX,2026-06-22,pos,0.08308471192197153,-0.02305851800936365,0.05466748604997296,-0.10577380196729091
MPLT,2026-06-22,neg,-0.016777636726879486,-0.012667057299047269,-0.05111094485694245,0.18005931516492168
PRAX,2026-06-22,pos,-0.20891791592797482,0.006830616398179501,0.03367270519402599,0.02723450814507622
MNPR,2026-06-26,pos,0.05292368803334746,0.18605177081028756,0.03273551726431112,0.20323106975663396
DCOY,2026-06-29,pos,0.19569866448182505,-0.19576066427090577,0.24637338100564188,-0.5550235291104149
CMPS,2026-07-07,pos,0.14176560479500422,-0.17580909026224445,0.07064628658373451,-0.097979287922497
MANE,2026-07-15,pos,-0.01825973177874829,-0.0235343912350805,-0.017746964297503887,-0.04811882012638691
