ticker,date,label,phrase,cik,name
HRTX,2017-01-04,pos,positive topline results,0000818033,"HERON THERAPEUTICS, INC. /DE/"
TOVX,2017-01-05,pos,met its primary endpoint,0000894158,"Synthetic Biologics, Inc."
VRTX,2017-01-09,pos,met its primary endpoint,0000875320,VERTEX PHARMACEUTICALS INC / MA
NERV,2017-01-20,pos,met its primary endpoint,0001598646,"Minerva Neurosciences, Inc."
VRTX,2017-01-25,pos,met its primary endpoint,0000875320,VERTEX PHARMACEUTICALS INC / MA
RIGL,2017-01-30,neg,did not meet its primary endpoint,0001034842,RIGEL PHARMACEUTICALS INC
FGEN,2017-01-30,pos,positive topline results,0000921299,FIBROGEN INC
AMGN,2017-02-02,pos,met its primary endpoint,0000318154,AMGEN INC
MYGN,2017-02-07,pos,met its primary endpoint,0000899923,MYRIAD GENETICS INC
VXRT,2017-02-13,neg,did not meet its primary endpoint,0000072444,"Aviragen Therapeutics, Inc."
ARDX,2017-02-15,pos,met its primary endpoint,0001437402,"ARDELYX, INC."
IRWD,2017-02-21,pos,met its primary endpoint,0001446847,IRONWOOD PHARMACEUTICALS INC
PCRX,2017-03-01,pos,positive topline results,0001396814,"Pacira Pharmaceuticals, Inc."
SUPN,2017-03-01,pos,positive topline results,0001356576,SUPERNUS PHARMACEUTICALS INC
TOVX,2017-03-02,pos,positive topline results,0000894158,"Synthetic Biologics, Inc."
TGTX,2017-03-06,pos,positive topline results,0001001316,"TG THERAPEUTICS, INC."
CRBP,2017-03-09,pos,positive topline results,0001595097,"Corbus Pharmaceuticals Holdings, Inc."
TGTX,2017-03-10,pos,positive topline results,0001001316,"TG THERAPEUTICS, INC."
OCUL,2017-03-10,pos,positive topline results,0001393434,"OCULAR THERAPEUTIX, INC"
VRTX,2017-03-29,pos,met its primary endpoint,0000875320,VERTEX PHARMACEUTICALS INC / MA
MTNB,2017-04-03,pos,positive topline results,0001582554,"Matinas BioPharma Holdings, Inc."
LLY,2017-04-25,pos,met its primary endpoint,0000059478,LILLY ELI & CO
VSTM,2017-05-02,pos,met its primary endpoint,0001526119,"Verastem, Inc."
MYGN,2017-05-02,pos,met its primary endpoint,0000899923,MYRIAD GENETICS INC
IRWD,2017-05-08,pos,met its primary endpoint,0001446847,IRONWOOD PHARMACEUTICALS INC
COLL,2017-05-10,pos,positive topline results,0001267565,"COLLEGIUM PHARMACEUTICAL, INC"
TOVX,2017-05-15,pos,met its primary endpoint,0000894158,"Synthetic Biologics, Inc."
VCEL,2017-05-15,pos,met its primary endpoint,0000887359,Vericel Corp
NERV,2017-05-15,pos,met its primary endpoint,0001598646,"Minerva Neurosciences, Inc."
IONS,2017-05-18,pos,positive topline results,0000874015,IONIS PHARMACEUTICALS INC
BLPH,2017-05-22,pos,met its primary endpoint,0001600132,"Bellerophon Therapeutics, Inc."
ONCSQ,2017-06-01,pos,positive topline results,0001444307,ONCOSEC MEDICAL Inc
VCEL,2017-06-02,pos,met its primary endpoint,0000887359,Vericel Corp
TGTX,2017-06-05,pos,met its primary endpoint,0001001316,"TG THERAPEUTICS, INC."
ELTP,2017-06-14,pos,positive topline results,0001053369,ELITE PHARMACEUTICALS INC /NV/
LCTX,2017-06-14,pos,met its primary endpoint,0000876343,BIOTIME INC
TGTX,2017-06-16,pos,met its primary endpoint,0001001316,"TG THERAPEUTICS, INC."
VSTM,2017-07-11,pos,met its primary endpoint,0001526119,"Verastem, Inc."
NKTR,2017-07-18,pos,positive topline results,0000906709,NEKTAR THERAPEUTICS
LLY,2017-07-25,pos,met its primary endpoint,0000059478,LILLY ELI & CO
ADMA,2017-07-28,neg,did not meet its primary endpoint,0001368514,"ADMA BIOLOGICS, INC."
PFE,2017-08-01,pos,met its primary endpoint,0000078003,PFIZER INC
LCTX,2017-08-02,pos,met its primary endpoint,0000876343,BIOTIME INC
REGN,2017-08-03,pos,met its primary endpoint,0000872589,REGENERON PHARMACEUTICALS INC
NBIX,2017-08-03,neg,did not meet its primary endpoint,0000914475,NEUROCRINE BIOSCIENCES INC
IRWD,2017-08-03,pos,met its primary endpoint,0001446847,IRONWOOD PHARMACEUTICALS INC
BLPH,2017-08-03,pos,met its primary endpoint,0001600132,"Bellerophon Therapeutics, Inc."
FGEN,2017-08-07,pos,positive topline results,0000921299,FIBROGEN INC
BLPH,2017-08-07,pos,met its primary endpoint,0001600132,"Bellerophon Therapeutics, Inc."
ESPR,2017-08-08,pos,met its primary endpoint,0001434868,"Esperion Therapeutics, Inc."
ARDX,2017-08-09,pos,positive topline results,0001437402,"ARDELYX, INC."
VCEL,2017-08-10,pos,met its primary endpoint,0000887359,Vericel Corp
MTNB,2017-08-10,pos,positive topline results,0001582554,"Matinas BioPharma Holdings, Inc."
XBIO,2017-08-15,neg,did not meet its primary endpoint,0001534525,"Xenetic Biosciences, Inc."
RARE,2017-08-24,neg,did not meet its primary endpoint,0001515673,Ultragenyx Pharmaceutical Inc.
CHRS,2017-08-29,pos,positive topline results,0001512762,"Coherus BioSciences, Inc."
INSM,2017-09-05,pos,met its primary endpoint,0001104506,INSMED Inc
KURA,2017-09-07,pos,positive topline results,0001422143,"Kura Oncology, Inc."
VSTM,2017-09-19,pos,met its primary endpoint,0001526119,"Verastem, Inc."
INVA,2017-09-20,pos,met its primary endpoint,0001080014,"Innoviva, Inc."
LCTX,2017-09-26,pos,met its primary endpoint,0000876343,BIOTIME INC
FENC,2017-10-16,pos,met its primary endpoint,0001211583,FENNEC PHARMACEUTICALS INC.
VSTM,2017-10-17,pos,met its primary endpoint,0001526119,"Verastem, Inc."
CRBP,2017-10-19,pos,positive topline results,0001595097,"Corbus Pharmaceuticals Holdings, Inc."
EVOK,2017-10-23,pos,positive topline results,0001403708,Evoke Pharma Inc
AMGN,2017-10-25,pos,met its primary endpoint,0000318154,AMGEN INC
ABBV,2017-10-27,pos,met its primary endpoint,0001551152,AbbVie Inc.
PFE,2017-10-31,pos,met its primary endpoint,0000078003,PFIZER INC
EXEL,2017-11-01,pos,met its primary endpoint,0000939767,"EXELIXIS, INC."
FGEN,2017-11-01,pos,positive topline results,0000921299,FIBROGEN INC
INSM,2017-11-02,pos,met its primary endpoint,0001104506,INSMED Inc
KURA,2017-11-07,pos,positive topline results,0001422143,"Kura Oncology, Inc."
ALNY,2017-11-07,pos,met its primary endpoint,0001178670,"ALNYLAM PHARMACEUTICALS, INC."
BLPH,2017-11-07,pos,met its primary endpoint,0001600132,"Bellerophon Therapeutics, Inc."
FGEN,2017-11-08,pos,positive topline results,0000921299,FIBROGEN INC
AXSM,2017-11-08,pos,positive topline results,0001579428,"Axsome Therapeutics, Inc."
CRBP,2017-11-08,pos,positive topline results,0001595097,"Corbus Pharmaceuticals Holdings, Inc."
MCRB,2017-11-08,pos,positive topline results,0001609809,"Seres Therapeutics, Inc."
LCTX,2017-11-09,pos,met its primary endpoint,0000876343,BIOTIME INC
EVOK,2017-11-14,pos,positive topline results,0001403708,Evoke Pharma Inc
NKTR,2017-11-24,neg,did not meet its primary endpoint,0000906709,NEKTAR THERAPEUTICS
IMUX,2017-12-04,pos,positive topline results,0001280776,VITAL THERAPIES INC
AMPE,2017-12-28,pos,met its primary endpoint,0001411906,"Ampio Pharmaceuticals, Inc."
INSM,2018-01-03,pos,met its primary endpoint,0001104506,INSMED Inc
KALA,2018-01-05,pos,positive topline results,0001479419,"Kala Pharmaceuticals, Inc."
AMPE,2018-01-08,pos,met its primary endpoint,0001411906,"Ampio Pharmaceuticals, Inc."
ELTP,2018-01-10,pos,positive topline results,0001053369,ELITE PHARMACEUTICALS INC /NV/
EVFM,2018-01-17,pos,met its primary endpoint,0001618835,"Evofem Biosciences, Inc."
ABBV,2018-01-26,pos,met its primary endpoint,0001551152,AbbVie Inc.
VRTX,2018-01-31,pos,met its primary endpoint,0000875320,VERTEX PHARMACEUTICALS INC / MA
ELTP,2018-01-31,pos,positive topline results,0001053369,ELITE PHARMACEUTICALS INC /NV/
LLY,2018-01-31,pos,met its primary endpoint,0000059478,LILLY ELI & CO
MRK,2018-02-02,neg,did not meet its primary endpoint,0000310158,"Merck & Co., Inc."
REGN,2018-02-08,pos,met its primary endpoint,0000872589,REGENERON PHARMACEUTICALS INC
LCTX,2018-02-22,pos,met its primary endpoint,0000876343,BIOTIME INC
EXEL,2018-02-26,pos,met its primary endpoint,0000939767,"EXELIXIS, INC."
CLSD,2018-03-06,pos,positive topline results,0001539029,"Clearside Biomedical, Inc."
RARE,2018-03-07,pos,positive topline results,0001515673,Ultragenyx Pharmaceutical Inc.
AXSM,2018-03-07,pos,positive topline results,0001579428,"Axsome Therapeutics, Inc."
ESPR,2018-03-07,pos,met its primary endpoint,0001434868,"Esperion Therapeutics, Inc."
ACRS,2018-03-12,pos,positive topline results,0001557746,"Aclaris Therapeutics, Inc."
CLSD,2018-03-14,pos,positive topline results,0001539029,"Clearside Biomedical, Inc."
ARMP,2018-03-14,pos,positive topline results,0000921114,AmpliPhi Biosciences Corp
LCTX,2018-03-15,pos,met its primary endpoint,0000876343,BIOTIME INC
HRTX,2018-03-19,pos,positive topline results,0000818033,"HERON THERAPEUTICS, INC. /DE/"
CDTX,2018-03-19,pos,positive topline results,0001610618,"Cidara Therapeutics, Inc."
ESPR,2018-03-27,pos,met its primary endpoint,0001434868,"Esperion Therapeutics, Inc."
ZVRA,2018-03-29,pos,positive topline results,0001434647,"KEMPHARM, INC"
RIGL,2018-04-20,neg,did not meet its primary endpoint,0001034842,RIGEL PHARMACEUTICALS INC
LLY,2018-04-24,pos,met its primary endpoint,0000059478,LILLY ELI & CO
MRK,2018-05-01,pos,met its primary endpoint,0000310158,"Merck & Co., Inc."
REGN,2018-05-03,pos,met its primary endpoint,0000872589,REGENERON PHARMACEUTICALS INC
RARE,2018-05-07,pos,positive topline results,0001515673,Ultragenyx Pharmaceutical Inc.
AXSM,2018-05-08,pos,positive topline results,0001579428,"Axsome Therapeutics, Inc."
CLSD,2018-05-09,pos,positive topline results,0001539029,"Clearside Biomedical, Inc."
ZVRA,2018-05-10,pos,positive topline results,0001434647,"KEMPHARM, INC"
HRTX,2018-05-10,pos,positive topline results,0000818033,"HERON THERAPEUTICS, INC. /DE/"
CRBP,2018-05-10,pos,positive topline results,0001595097,"Corbus Pharmaceuticals Holdings, Inc."
LCTX,2018-05-10,pos,met its primary endpoint,0000876343,BIOTIME INC
CDTX,2018-05-10,pos,positive topline results,0001610618,"Cidara Therapeutics, Inc."
ARMP,2018-05-15,pos,positive topline results,0000921114,AmpliPhi Biosciences Corp
ESPR,2018-05-23,pos,met its primary endpoint,0001434868,"Esperion Therapeutics, Inc."
FGEN,2018-05-31,pos,positive topline results,0000921299,FIBROGEN INC
FRTX,2018-06-11,neg,did not meet its primary endpoint,0000819050,VICAL INC
VSTM,2018-06-15,pos,met its primary endpoint,0001526119,"Verastem, Inc."
CLSD,2018-06-20,pos,met its primary endpoint,0001539029,"Clearside Biomedical, Inc."
HRTX,2018-06-21,pos,positive topline results,0000818033,"HERON THERAPEUTICS, INC. /DE/"
HRTX,2018-06-25,pos,positive topline results,0000818033,"HERON THERAPEUTICS, INC. /DE/"
IPIX,2018-06-29,pos,met its primary endpoint,0001355250,Innovation Pharmaceuticals Inc.
SLS,2018-07-18,pos,met its primary endpoint,0001390478,"SELLAS Life Sciences Group, Inc."
BIIB,2018-07-24,pos,positive topline results,0000875045,BIOGEN INC.
ACET,2018-07-25,pos,positive topline results,0001720580,"resTORbio, Inc."
ACET,2018-07-30,pos,positive topline results,0001720580,"resTORbio, Inc."
INCY,2018-07-31,pos,met its primary endpoint,0000879169,INCYTE CORP
INSM,2018-08-02,pos,met its primary endpoint,0001104506,INSMED Inc
LCTX,2018-08-02,pos,met its primary endpoint,0000876343,BIOTIME INC
OVID,2018-08-06,pos,met its primary endpoint,0001636651,Ovid Therapeutics Inc.
FGEN,2018-08-07,pos,positive topline results,0000921299,FIBROGEN INC
AMPE,2018-08-08,pos,met its primary endpoint,0001411906,"Ampio Pharmaceuticals, Inc."
UTHR,2018-08-08,pos,met its primary endpoint,0001082554,UNITED THERAPEUTICS Corp
CLSD,2018-08-08,pos,positive topline results,0001539029,"Clearside Biomedical, Inc."
HRTX,2018-08-08,pos,positive topline results,0000818033,"HERON THERAPEUTICS, INC. /DE/"
OVID,2018-08-09,pos,met its primary endpoint,0001636651,Ovid Therapeutics Inc.
RYTM,2018-08-09,pos,positive topline results,0001649904,"RHYTHM PHARMACEUTICALS, INC."
ACET,2018-08-09,pos,positive topline results,0001720580,"resTORbio, Inc."
ELTP,2018-08-14,pos,positive topline results,0001053369,ELITE PHARMACEUTICALS INC /NV/
NMTRQ,2018-08-15,pos,met its primary endpoint,0001551986,"INNOVATE BIOPHARMACEUTICALS, INC."
NMTRQ,2018-08-23,pos,met its primary endpoint,0001551986,"INNOVATE BIOPHARMACEUTICALS, INC."
VSTM,2018-08-29,pos,met its primary endpoint,0001526119,"Verastem, Inc."
IMUX,2018-09-12,neg,failed to meet the primary endpoint,0001280776,VITAL THERAPIES INC
FGEN,2018-09-20,pos,positive topline results,0000921299,FIBROGEN INC
AMRN,2018-09-24,pos,met its primary endpoint,0000897448,AMARIN CORP PLC\UK
CLSD,2018-09-26,pos,positive topline results,0001539029,"Clearside Biomedical, Inc."
INSM,2018-10-01,pos,met its primary endpoint,0001104506,INSMED Inc
AXSM,2018-10-11,pos,positive topline results,0001579428,"Axsome Therapeutics, Inc."
ACET,2018-10-16,pos,positive topline results,0001720580,"resTORbio, Inc."
ELTP,2018-10-23,pos,positive topline results,0001053369,ELITE PHARMACEUTICALS INC /NV/
OVID,2018-10-25,pos,met its primary endpoint,0001636651,Ovid Therapeutics Inc.
MRK,2018-10-25,pos,met its primary endpoint,0000310158,"Merck & Co., Inc."
FGEN,2018-10-26,pos,positive topline results,0000921299,FIBROGEN INC
AQST,2018-10-30,pos,positive topline results,0001398733,"Aquestive Therapeutics, Inc."
UTHR,2018-10-31,pos,met its primary endpoint,0001082554,UNITED THERAPEUTICS Corp
AMRN,2018-11-01,pos,met its primary endpoint,0000897448,AMARIN CORP PLC\UK
ABBV,2018-11-02,pos,met its primary endpoint,0001551152,AbbVie Inc.
ALNY,2018-11-07,pos,positive topline results,0001178670,"ALNYLAM PHARMACEUTICALS, INC."
ZVRA,2018-11-08,pos,positive topline results,0001434647,"KEMPHARM, INC"
FGEN,2018-11-08,pos,positive topline results,0000921299,FIBROGEN INC
AMRN,2018-11-13,pos,met its primary endpoint,0000897448,AMARIN CORP PLC\UK
NMTRQ,2018-11-13,pos,met its primary endpoint,0001551986,"INNOVATE BIOPHARMACEUTICALS, INC."
BTAI,2018-11-14,pos,met its primary endpoint,0001720893,"BioXcel Therapeutics, Inc."
TOVX,2018-11-21,pos,met its primary endpoint,0000894158,"Synthetic Biologics, Inc."
ALKS,2018-11-29,pos,positive topline results,0001520262,Alkermes plc.
SUPN,2018-12-10,pos,positive topline results,0001356576,SUPERNUS PHARMACEUTICALS INC
VYNE,2018-12-10,pos,met its primary endpoint,0001566044,Menlo Therapeutics Inc.
IPIX,2018-12-17,pos,met its primary endpoint,0001355250,Innovation Pharmaceuticals Inc.
EVFM,2018-12-17,pos,met its primary endpoint,0001618835,"Evofem Biosciences, Inc."
GTHX,2018-12-19,pos,positive topline results,0001560241,"G1 Therapeutics, Inc."
CLSD,2018-12-19,pos,met its primary endpoint,0001539029,"Clearside Biomedical, Inc."
AQST,2018-12-20,pos,met its primary endpoint,0001398733,"Aquestive Therapeutics, Inc."
FGEN,2018-12-20,pos,positive topline results,0000921299,FIBROGEN INC
SUPN,2018-12-21,pos,positive topline results,0001356576,SUPERNUS PHARMACEUTICALS INC
BTAI,2019-01-03,pos,met its primary endpoint,0001720893,"BioXcel Therapeutics, Inc."
EVFM,2019-01-03,pos,met its primary endpoint,0001618835,"Evofem Biosciences, Inc."
VRCA,2019-01-03,pos,positive topline results,0001660334,Verrica Pharmaceuticals Inc.
HRTX,2019-01-03,pos,positive topline results,0000818033,"HERON THERAPEUTICS, INC. /DE/"
CFRXQ,2019-01-07,pos,positive topline results,0001478069,CONTRAFECT Corp
RARE,2019-01-07,pos,positive topline results,0001515673,Ultragenyx Pharmaceutical Inc.
AXSM,2019-01-07,pos,positive topline results,0001579428,"Axsome Therapeutics, Inc."
ABBV,2019-01-25,neg,did not meet its primary endpoint,0001551152,AbbVie Inc.
PFE,2019-01-29,pos,met its primary endpoint,0000078003,PFIZER INC
ALKS,2019-02-14,pos,positive topline results,0001520262,Alkermes plc.
RARE,2019-02-19,pos,positive topline results,0001515673,Ultragenyx Pharmaceutical Inc.
SUPN,2019-02-26,pos,positive topline results,0001356576,SUPERNUS PHARMACEUTICALS INC
FGEN,2019-02-27,pos,positive topline results,0000921299,FIBROGEN INC
VYNE,2019-02-27,pos,met its primary endpoint,0001566044,Menlo Therapeutics Inc.
URGN,2019-02-28,pos,positive topline results,0001668243,UroGen Pharma Ltd.
CMRX,2019-03-05,pos,met its primary endpoint,0001117480,CHIMERIX INC
VRCA,2019-03-07,pos,positive topline results,0001660334,Verrica Pharmaceuticals Inc.
SCYX,2019-03-08,pos,met its primary endpoint,0001178253,SCYNEXIS INC
HRTX,2019-03-11,pos,positive topline results,0000818033,"HERON THERAPEUTICS, INC. /DE/"
CLSD,2019-03-13,pos,met its primary endpoint,0001539029,"Clearside Biomedical, Inc."
LXRX,2019-03-13,pos,positive topline results,0001062822,"LEXICON PHARMACEUTICALS, INC."
CFRXQ,2019-03-14,pos,positive topline results,0001478069,CONTRAFECT Corp
MTNB,2019-03-15,pos,positive topline results,0001582554,"Matinas BioPharma Holdings, Inc."
TGTX,2019-04-01,pos,met its primary endpoint,0001001316,"TG THERAPEUTICS, INC."
UTHR,2019-04-08,neg,did not meet its primary endpoint,0001082554,UNITED THERAPEUTICS Corp
PRTA,2019-04-18,pos,met its primary endpoint,0001559053,Prothena Corp plc
ALKS,2019-04-25,pos,positive topline results,0001520262,Alkermes plc.
LLY,2019-04-30,pos,met its primary endpoint,0000059478,LILLY ELI & CO
VTGN,2019-05-02,neg,did not meet its primary endpoint,0001411685,"VistaGen Therapeutics, Inc."
VCEL,2019-05-07,pos,met its primary endpoint,0000887359,Vericel Corp
VRCA,2019-05-07,pos,positive topline results,0001660334,Verrica Pharmaceuticals Inc.
TBPH,2019-05-07,pos,met its primary endpoint,0001583107,"Theravance Biopharma, Inc."
RVLPQ,2019-05-07,pos,positive topline results,0001739426,Osmotica Pharmaceuticals plc
EGRX,2019-05-08,pos,positive topline results,0000827871,"EAGLE PHARMACEUTICALS, INC."
RVLPQ,2019-05-09,pos,positive topline results,0001739426,Osmotica Pharmaceuticals plc
FGEN,2019-05-09,pos,positive topline results,0000921299,FIBROGEN INC
HRTX,2019-05-09,pos,positive topline results,0000818033,"HERON THERAPEUTICS, INC. /DE/"
AXSM,2019-05-09,pos,positive topline results,0001579428,"Axsome Therapeutics, Inc."
AADI,2019-05-09,neg,did not meet its primary endpoint,0001422142,"Aerpio Pharmaceuticals, Inc."
ALT,2019-05-14,pos,met its primary endpoint,0001326190,"Altimmune, Inc."
AGIO,2019-05-15,pos,met its primary endpoint,0001439222,AGIOS PHARMACEUTICALS INC
CLSD,2019-05-22,pos,met its primary endpoint,0001539029,"Clearside Biomedical, Inc."
EGRX,2019-05-22,pos,positive topline results,0000827871,"EAGLE PHARMACEUTICALS, INC."
FRTX,2019-06-03,pos,positive topline results,0000819050,VICAL INC
EGRX,2019-06-04,pos,positive topline results,0000827871,"EAGLE PHARMACEUTICALS, INC."
SVRA,2019-06-12,neg,did not meet its primary endpoint,0001160308,Savara Inc
EXEL,2019-06-20,neg,did not meet its primary endpoint,0000939767,"EXELIXIS, INC."
VRCA,2019-06-27,pos,positive topline results,0001660334,Verrica Pharmaceuticals Inc.
ITCI,2019-07-08,pos,met its primary endpoint,0001567514,"Intra-Cellular Therapies, Inc."
JAGX,2019-07-23,pos,met its primary endpoint,0001585608,"Jaguar Health, Inc."
BIIB,2019-07-23,pos,positive topline results,0000875045,BIOGEN INC.
ALKS,2019-07-25,pos,positive topline results,0001520262,Alkermes plc.
ABBV,2019-07-26,neg,did not meet its primary endpoint,0001551152,AbbVie Inc.
CDTX,2019-07-29,pos,positive topline results,0001610618,"Cidara Therapeutics, Inc."
ALKS,2019-07-30,pos,positive topline results,0001520262,Alkermes plc.
INCY,2019-07-30,pos,met its primary endpoint,0000879169,INCYTE CORP
VTVT,2019-07-31,pos,positive topline results,0001641489,vTv Therapeutics Inc.
AGIO,2019-08-01,pos,met its primary endpoint,0001439222,"AGIOS PHARMACEUTICALS, INC."
AQST,2019-08-06,pos,positive topline results,0001398733,"Aquestive Therapeutics, Inc."
RYTM,2019-08-07,pos,positive topline results,0001649904,"RHYTHM PHARMACEUTICALS, INC."
ITCI,2019-08-07,pos,positive topline results,0001567514,"Intra-Cellular Therapies, Inc."
VRCA,2019-08-07,pos,positive topline results,0001660334,Verrica Pharmaceuticals Inc.
BCYC,2019-08-08,pos,positive topline results,0001761612,BICYCLE THERAPEUTICS plc
CDTX,2019-08-08,pos,positive topline results,0001610618,"Cidara Therapeutics, Inc."
CALA,2019-08-08,pos,positive topline results,0001496671,"Calithera Biosciences, Inc."
AXSM,2019-08-08,pos,positive topline results,0001579428,"Axsome Therapeutics, Inc."
TVTX,2019-08-22,neg,did not meet its primary endpoint,0001438533,"Retrophin, Inc."
ARDS,2019-09-03,neg,did not meet its primary endpoint,0001614067,"Aridis Pharmaceuticals, Inc."
KURA,2019-09-03,pos,positive topline results,0001422143,"Kura Oncology, Inc."
ACAD,2019-09-09,pos,met its primary endpoint,0001070494,ACADIA PHARMACEUTICALS INC
LCTX,2019-09-19,pos,met its primary endpoint,0000876343,"Lineage Cell Therapeutics, Inc."
JAGX,2019-09-24,pos,met its primary endpoint,0001585608,"Jaguar Health, Inc."
RYTM,2019-09-25,pos,positive topline results,0001649904,"RHYTHM PHARMACEUTICALS, INC."
VXRT,2019-09-25,pos,positive topline results,0000072444,"Vaxart, Inc."
CFRXQ,2019-10-02,pos,positive topline results,0001478069,CONTRAFECT Corp
HRTX,2019-10-02,pos,positive topline results,0000818033,"HERON THERAPEUTICS, INC. /DE/"
EGRX,2019-10-02,pos,positive topline results,0000827871,"EAGLE PHARMACEUTICALS, INC."
JAGX,2019-10-03,pos,met its primary endpoint,0001585608,"Jaguar Health, Inc."
RYTM,2019-10-16,pos,positive topline results,0001649904,"RHYTHM PHARMACEUTICALS, INC."
VRCA,2019-10-18,pos,positive topline results,0001660334,Verrica Pharmaceuticals Inc.
BIIB,2019-10-22,pos,positive topline results,0000875045,BIOGEN INC.
ALKS,2019-10-23,pos,positive topline results,0001520262,Alkermes plc.
LLY,2019-10-23,neg,did not meet its primary endpoint,0000059478,LILLY ELI & CO
INCY,2019-10-29,pos,met its primary endpoint,0000879169,INCYTE CORP
MRK,2019-10-29,pos,met its primary endpoint,0000310158,"Merck & Co., Inc."
AMGN,2019-10-29,pos,met its primary endpoint,0000318154,AMGEN INC
PFE,2019-10-29,pos,met its primary endpoint,0000078003,PFIZER INC
CPRX,2019-10-30,neg,did not meet its primary endpoint,0001369568,"CATALYST PHARMACEUTICALS, INC."
ALNY,2019-10-31,pos,positive topline results,0001178670,"ALNYLAM PHARMACEUTICALS, INC."
RYTM,2019-11-01,pos,positive topline results,0001649904,"RHYTHM PHARMACEUTICALS, INC."
OPK,2019-11-05,pos,met its primary endpoint,0000944809,"Opko Health, Inc."
ITCI,2019-11-05,pos,positive topline results,0001567514,"Intra-Cellular Therapies, Inc."
VRCA,2019-11-06,pos,positive topline results,0001660334,Verrica Pharmaceuticals Inc.
SUPN,2019-11-06,neg,did not meet its primary endpoint,0001356576,"SUPERNUS PHARMACEUTICALS, INC."
EVFM,2019-11-06,pos,met its primary endpoint,0001618835,"Evofem Biosciences, Inc."
AXSM,2019-11-07,pos,positive topline results,0001579428,"Axsome Therapeutics, Inc."
GLYC,2019-11-07,neg,failed to meet the primary endpoint,0001253689,GLYCOMIMETICS INC
TNXP,2019-11-08,neg,did not meet its primary endpoint,0001430306,Tonix Pharmaceuticals Holding Corp.
ANAB,2019-11-08,neg,failed to meet the primary endpoint,0001370053,"ANAPTYSBIO, INC"
HRTX,2019-11-12,pos,positive topline results,0000818033,"HERON THERAPEUTICS, INC. /DE/"
AKBA,2019-11-12,pos,met its primary endpoint,0001517022,"Akebia Therapeutics, Inc."
VXRT,2019-11-12,pos,positive topline results,0000072444,"Vaxart, Inc."
ARDS,2019-11-13,neg,did not meet its primary endpoint,0001614067,"Aridis Pharmaceuticals, Inc."
BTAI,2019-11-14,pos,met its primary endpoint,0001720893,"BioXcel Therapeutics, Inc."
ACET,2019-11-15,neg,did not meet its primary endpoint,0001720580,"resTORbio, Inc."
CLSD,2019-11-20,pos,met its primary endpoint,0001539029,"Clearside Biomedical, Inc."
CARA,2019-12-03,pos,positive topline results,0001346830,"Cara Therapeutics, Inc."
ARDX,2019-12-03,pos,positive topline results,0001437402,"ARDELYX, INC."
SAGE,2019-12-05,neg,did not meet its primary endpoint,0001597553,"Sage Therapeutics, Inc."
BLUE,2019-12-06,pos,positive topline results,0001293971,"bluebird bio, Inc."
KA,2019-12-17,pos,positive topline results,0001445283,"PROTEOSTASIS THERAPEUTICS, INC."
GYRE,2019-12-20,pos,met its primary endpoint,0001124105,"CATALYST BIOSCIENCES, INC."
OTLC,2019-12-27,pos,met its primary endpoint,0000908259,MATEON THERAPEUTICS INC
RYTM,2020-01-08,pos,positive topline results,0001649904,"RHYTHM PHARMACEUTICALS, INC."
DARE,2020-01-09,pos,met its primary endpoint,0001401914,"Dare Bioscience, Inc."
INFIQ,2020-01-09,pos,met its primary endpoint,0001113148,"INFINITY PHARMACEUTICALS, INC."
BCRX,2020-01-13,pos,met its primary endpoint,0000882796,BIOCRYST PHARMACEUTICALS INC
AXSM,2020-01-13,pos,met its primary endpoint,0001579428,"Axsome Therapeutics, Inc."
INCY,2020-01-16,pos,met its primary endpoint,0000879169,INCYTE CORP
GYRE,2020-01-17,pos,met its primary endpoint,0001124105,"CATALYST BIOSCIENCES, INC."
PFE,2020-01-28,pos,met its primary endpoint,0000078003,PFIZER INC
MBRX,2020-02-03,pos,met its primary endpoint,0001659617,"Moleculin Biotech, Inc."
BCRX,2020-02-03,pos,met its primary endpoint,0000882796,BIOCRYST PHARMACEUTICALS INC
INSM,2020-02-03,pos,met its primary endpoint,0001104506,INSMED Inc
MBRX,2020-02-05,pos,met its primary endpoint,0001659617,"Moleculin Biotech, Inc."
ALNY,2020-02-06,pos,positive topline results,0001178670,"ALNYLAM PHARMACEUTICALS, INC."
GYRE,2020-02-07,pos,met its primary endpoint,0001124105,"CATALYST BIOSCIENCES, INC."
DARE,2020-02-10,pos,met its primary endpoint,0001401914,"Dare Bioscience, Inc."
ALKS,2020-02-13,pos,positive topline results,0001520262,Alkermes plc.
INCY,2020-02-13,pos,met its primary endpoint,0000879169,INCYTE CORP
IPIX,2020-02-13,pos,positive topline results,0001355250,Innovation Pharmaceuticals Inc.
GYRE,2020-02-14,pos,met its primary endpoint,0001124105,"CATALYST BIOSCIENCES, INC."
BLUE,2020-02-18,pos,met its primary endpoint,0001293971,"bluebird bio, Inc."
GYRE,2020-02-21,pos,met its primary endpoint,0001124105,"CATALYST BIOSCIENCES, INC."
EXEL,2020-02-25,pos,met its primary endpoint,0000939767,"EXELIXIS, INC."
ALLK,2020-02-25,pos,positive topline results,0001564824,Allakos Inc.
VNDA,2020-02-26,neg,did not meet its primary endpoint,0001347178,Vanda Pharmaceuticals Inc.
OPK,2020-02-26,pos,met its primary endpoint,0000944809,"Opko Health, Inc."
IONS,2020-02-26,pos,positive topline results,0000874015,IONIS PHARMACEUTICALS INC
SAGE,2020-02-27,neg,did not meet its primary endpoint,0001597553,"Sage Therapeutics, Inc."
SUPN,2020-02-27,neg,did not meet its primary endpoint,0001356576,"SUPERNUS PHARMACEUTICALS, INC."
GLYC,2020-02-28,neg,failed to meet the primary endpoint,0001253689,GLYCOMIMETICS INC
ANAB,2020-03-02,neg,failed to meet the primary endpoint,0001370053,"ANAPTYSBIO, INC"
ITCI,2020-03-02,pos,positive topline results,0001567514,"Intra-Cellular Therapies, Inc."
KPTI,2020-03-02,pos,met its primary endpoint,0001503802,Karyopharm Therapeutics Inc.
VRCA,2020-03-02,pos,positive topline results,0001660334,Verrica Pharmaceuticals Inc.
RYTM,2020-03-02,pos,positive topline results,0001649904,"RHYTHM PHARMACEUTICALS, INC."
PTCT,2020-03-02,neg,did not meet its primary endpoint,0001070081,"PTC THERAPEUTICS, INC."
BCRX,2020-03-05,pos,met its primary endpoint,0000882796,BIOCRYST PHARMACEUTICALS INC
ARDX,2020-03-06,pos,positive topline results,0001437402,"ARDELYX, INC."
KALV,2020-03-10,neg,did not meet its primary endpoint,0001348911,"KalVista Pharmaceuticals, Inc."
APLT,2020-03-13,pos,positive topline results,0001697532,Applied Therapeutics Inc.
VRCA,2020-03-13,pos,positive topline results,0001660334,Verrica Pharmaceuticals Inc.
DARE,2020-03-16,pos,met its primary endpoint,0001401914,"Dare Bioscience, Inc."
MBRX,2020-03-19,pos,met its primary endpoint,0001659617,"Moleculin Biotech, Inc."
BLUE,2020-03-31,pos,met its primary endpoint,0001293971,"bluebird bio, Inc."
MBRX,2020-04-02,pos,met its primary endpoint,0001659617,"Moleculin Biotech, Inc."
CLSD,2020-04-08,pos,met its primary endpoint,0001539029,"Clearside Biomedical, Inc."
VRCA,2020-04-17,pos,positive topline results,0001660334,Verrica Pharmaceuticals Inc.
DARE,2020-04-27,pos,met its primary endpoint,0001401914,"Dare Bioscience, Inc."
AVDL,2020-04-27,pos,positive topline results,0001012477,AVADEL PHARMACEUTICALS PLC
UTHR,2020-04-29,pos,met its primary endpoint,0001082554,UNITED THERAPEUTICS Corp
PTCT,2020-04-30,pos,met its primary endpoint,0001070081,"PTC THERAPEUTICS, INC."
EXEL,2020-05-05,pos,met its primary endpoint,0000939767,"EXELIXIS, INC."
TGTX,2020-05-05,pos,positive topline results,0001001316,"TG THERAPEUTICS, INC."
KPTI,2020-05-05,pos,met its primary endpoint,0001503802,Karyopharm Therapeutics Inc.
REGN,2020-05-05,pos,met its primary endpoint,0000872589,"REGENERON PHARMACEUTICALS, INC."
IONS,2020-05-06,pos,positive topline results,0000874015,IONIS PHARMACEUTICALS INC
BPMC,2020-05-06,neg,did not meet its primary endpoint,0001597264,Blueprint Medicines Corp
OPK,2020-05-06,pos,met its primary endpoint,0000944809,"Opko Health, Inc."
VRCA,2020-05-07,pos,positive topline results,0001660334,Verrica Pharmaceuticals Inc.
KALA,2020-05-07,pos,positive topline results,0001479419,"Kala Pharmaceuticals, Inc."
OVID,2020-05-07,pos,positive topline results,0001636651,Ovid Therapeutics Inc.
BHC,2020-05-07,pos,met its primary endpoint,0000885590,Bausch Health Companies Inc.
OCUL,2020-05-08,pos,positive topline results,0001393434,"OCULAR THERAPEUTIX, INC"
NMTRQ,2020-05-11,pos,met its primary endpoint,0001551986,"9 METERS BIOPHARMA, INC."
TGTX,2020-05-11,pos,positive topline results,0001001316,"TG THERAPEUTICS, INC."
PLX,2020-05-11,pos,positive topline results,0001006281,"Protalix BioTherapeutics, Inc."
SAVA,2020-05-15,neg,did not meet its primary endpoint,0001069530,CASSAVA SCIENCES INC
JAGX,2020-05-22,pos,met its primary endpoint,0001585608,"Jaguar Health, Inc."
DRRX,2020-05-26,pos,positive topline results,0001082038,DURECT CORP
ACET,2020-05-28,neg,did not meet its primary endpoint,0001720580,"resTORbio, Inc."
NERV,2020-05-29,neg,did not meet its primary endpoint,0001598646,"Minerva Neurosciences, Inc."
PLX,2020-06-01,pos,positive topline results,0001006281,"Protalix BioTherapeutics, Inc."
ITRM,2020-06-03,neg,did not meet its primary endpoint,0001659323,Iterum Therapeutics plc
DARE,2020-06-08,pos,met its primary endpoint,0001401914,"Dare Bioscience, Inc."
VRCA,2020-06-10,pos,positive topline results,0001660334,Verrica Pharmaceuticals Inc.
KPTI,2020-06-22,pos,met its primary endpoint,0001503802,Karyopharm Therapeutics Inc.
VCEL,2020-06-30,pos,met its primary endpoint,0000887359,Vericel Corp
KALV,2020-07-01,neg,did not meet its primary endpoint,0001348911,"KalVista Pharmaceuticals, Inc."
ACAD,2020-07-20,pos,met its primary endpoint,0001070494,ACADIA PHARMACEUTICALS INC
AMGN,2020-07-28,pos,met its primary endpoint,0000318154,AMGEN INC
UTHR,2020-07-29,pos,met its primary endpoint,0001082554,UNITED THERAPEUTICS Corp
LLY,2020-07-30,pos,met its primary endpoint,0000059478,ELI LILLY & Co
GILD,2020-07-30,pos,positive topline results,0000882095,GILEAD SCIENCES INC
ABBV,2020-07-31,pos,met its primary endpoint,0001551152,AbbVie Inc.
DRRX,2020-08-03,pos,positive topline results,0001082038,DURECT CORP
IMUX,2020-08-03,pos,met its primary endpoint,0001280776,"IMMUNIC, INC."
INCY,2020-08-04,pos,met its primary endpoint,0000879169,INCYTE CORP
KPTI,2020-08-04,pos,met its primary endpoint,0001503802,Karyopharm Therapeutics Inc.
EXEL,2020-08-06,pos,met its primary endpoint,0000939767,"EXELIXIS, INC."
MCRB,2020-08-10,pos,positive topline results,0001609809,"Seres Therapeutics, Inc."
TGTX,2020-08-10,pos,positive topline results,0001001316,"TG THERAPEUTICS, INC."
PLX,2020-08-10,pos,positive topline results,0001006281,"Protalix BioTherapeutics, Inc."
OVID,2020-08-10,pos,positive topline results,0001636651,Ovid Therapeutics Inc.
PGEN,2020-08-10,pos,positive topline results,0001356090,"PRECIGEN, INC."
MBRX,2020-08-12,pos,met its primary endpoint,0001659617,"Moleculin Biotech, Inc."
UTHR,2020-08-17,pos,met its primary endpoint,0001082554,UNITED THERAPEUTICS Corp
TRAW,2020-08-24,neg,did not meet its primary endpoint,0001130598,"Onconova Therapeutics, Inc."
OVID,2020-08-25,pos,positive topline results,0001636651,Ovid Therapeutics Inc.
IMVT,2020-08-25,pos,positive topline results,0001764013,"Immunovant, Inc."
ACST,2020-08-31,neg,did not meet its primary endpoint,0001444192,Acasti Pharma Inc.
SPRO,2020-09-08,pos,positive topline results,0001701108,"Spero Therapeutics, Inc."
CRBP,2020-09-08,neg,did not meet its primary endpoint,0001595097,"Corbus Pharmaceuticals Holdings, Inc."
DARE,2020-09-09,pos,met its primary endpoint,0001401914,"Dare Bioscience, Inc."
ITCI,2020-09-09,pos,positive topline results,0001567514,"Intra-Cellular Therapies, Inc."
IMUX,2020-09-11,pos,met its primary endpoint,0001280776,"IMMUNIC, INC."
ETNB,2020-09-14,pos,positive topline results,0001785173,"89bio, Inc."
SPRO,2020-09-16,pos,met its primary endpoint,0001701108,"Spero Therapeutics, Inc."
AGIO,2020-09-21,pos,met its primary endpoint,0001439222,"AGIOS PHARMACEUTICALS, INC."
SMMT,2020-09-29,pos,met its primary endpoint,0001599298,Summit Therapeutics Inc.
ARQT,2020-09-29,pos,positive topline results,0001787306,"Arcutis Biotherapeutics, Inc."
OVID,2020-09-30,pos,positive topline results,0001636651,Ovid Therapeutics Inc.
DARE,2020-10-06,pos,met its primary endpoint,0001401914,"Dare Bioscience, Inc."
RVNC,2020-10-14,pos,positive topline results,0001479290,"Revance Therapeutics, Inc."
TENX,2020-10-15,pos,positive topline results,0000034956,"TENAX THERAPEUTICS, INC."
ACHV,2020-10-22,pos,met its primary endpoint,0000949858,"ACHIEVE LIFE SCIENCES, INC."
CRNX,2020-10-26,pos,positive topline results,0001658247,"Crinetics Pharmaceuticals, Inc."
PFE,2020-10-27,pos,met its primary endpoint,0000078003,PFIZER INC
AMGN,2020-10-28,pos,positive topline results,0000318154,AMGEN INC
UTHR,2020-10-28,pos,met its primary endpoint,0001082554,UNITED THERAPEUTICS Corp
DRRX,2020-11-02,pos,positive topline results,0001082038,DURECT CORP
KPTI,2020-11-02,pos,met its primary endpoint,0001503802,Karyopharm Therapeutics Inc.
CYTK,2020-11-04,pos,positive topline results,0001061983,CYTOKINETICS INC
EXEL,2020-11-05,pos,met its primary endpoint,0000939767,"EXELIXIS, INC."
SPRO,2020-11-05,pos,met its primary endpoint,0001701108,"Spero Therapeutics, Inc."
CRNX,2020-11-06,pos,positive topline results,0001658247,"Crinetics Pharmaceuticals, Inc."
TGTX,2020-11-09,pos,met its primary endpoint,0001001316,"TG THERAPEUTICS, INC."
RVNC,2020-11-09,pos,positive topline results,0001479290,"Revance Therapeutics, Inc."
ITCI,2020-11-09,pos,positive topline results,0001567514,"Intra-Cellular Therapies, Inc."
ZNTL,2020-11-09,pos,positive topline results,0001725160,"Zentalis Pharmaceuticals, Inc."
VRCA,2020-11-10,pos,positive topline results,0001660334,Verrica Pharmaceuticals Inc.
BTAI,2020-11-12,pos,positive topline results,0001720893,"BioXcel Therapeutics, Inc."
OVID,2020-11-12,pos,met its primary endpoint,0001636651,Ovid Therapeutics Inc.
IMVT,2020-11-12,pos,positive topline results,0001764013,"Immunovant, Inc."
DARE,2020-11-18,pos,met its primary endpoint,0001401914,"Dare Bioscience, Inc."
OVID,2020-12-01,neg,did not meet its primary endpoint,0001636651,Ovid Therapeutics Inc.
AGIO,2020-12-01,pos,met its primary endpoint,0001439222,"AGIOS PHARMACEUTICALS, INC."
SPRO,2020-12-03,pos,met its primary endpoint,0001701108,"Spero Therapeutics, Inc."
NMTRQ,2020-12-07,pos,positive topline results,0001551986,"9 METERS BIOPHARMA, INC."
TNXP,2020-12-07,pos,positive topline results,0001430306,Tonix Pharmaceuticals Holding Corp.
DARE,2020-12-07,pos,positive topline results,0001401914,"Dare Bioscience, Inc."
DARE,2020-12-09,pos,met its primary endpoint,0001401914,"Dare Bioscience, Inc."
TGTX,2020-12-10,pos,positive topline results,0001001316,"TG THERAPEUTICS, INC."
AGIO,2020-12-21,pos,positive topline results,0001439222,"AGIOS PHARMACEUTICALS, INC."
SUPN,2020-12-23,pos,positive topline results,0001356576,"SUPERNUS PHARMACEUTICALS, INC."
MIGI,2020-12-31,pos,met its primary endpoint,0001218683,"Wize Pharma, Inc."
ATYR,2021-01-04,pos,positive topline results,0001339970,aTYR PHARMA INC
MIGI,2021-01-05,pos,met its primary endpoint,0001218683,"Wize Pharma, Inc."
ATYR,2021-01-11,pos,positive topline results,0001339970,aTYR PHARMA INC
DARE,2021-01-11,pos,positive topline results,0001401914,"Dare Bioscience, Inc."
LPCN,2021-01-12,pos,positive topline results,0001535955,Lipocine Inc.
BCRX,2021-01-22,pos,met its primary endpoint,0000882796,BIOCRYST PHARMACEUTICALS INC
AGIO,2021-01-26,pos,met its primary endpoint,0001439222,"AGIOS PHARMACEUTICALS, INC."
ARQT,2021-02-01,pos,positive topline results,0001787306,"Arcutis Biotherapeutics, Inc."
RYTM,2021-02-03,pos,positive topline results,0001649904,"RHYTHM PHARMACEUTICALS, INC."
MIGI,2021-02-04,pos,met its primary endpoint,0001218683,"Wize Pharma, Inc."
EXEL,2021-02-10,pos,met its primary endpoint,0000939767,"EXELIXIS, INC."
KPTI,2021-02-11,pos,met its primary endpoint,0001503802,Karyopharm Therapeutics Inc.
ALNY,2021-02-11,pos,positive topline results,0001178670,"ALNYLAM PHARMACEUTICALS, INC."
MIGI,2021-02-16,pos,met its primary endpoint,0001218683,"Wize Pharma, Inc."
DARE,2021-02-16,pos,positive topline results,0001401914,"Dare Bioscience, Inc."
PLX,2021-02-23,pos,positive topline results,0001006281,"Protalix BioTherapeutics, Inc."
UTHR,2021-02-24,pos,met its primary endpoint,0001082554,UNITED THERAPEUTICS Corp
ITCI,2021-02-25,pos,positive topline results,0001567514,"Intra-Cellular Therapies, Inc."
BCRX,2021-02-25,pos,met its primary endpoint,0000882796,BIOCRYST PHARMACEUTICALS INC
LPCN,2021-03-01,pos,positive topline results,0001535955,Lipocine Inc.
ZLAB,2021-03-01,pos,positive topline results,0001704292,Zai Lab Ltd
RYTM,2021-03-01,pos,positive topline results,0001649904,"RHYTHM PHARMACEUTICALS, INC."
TGTX,2021-03-02,pos,met its primary endpoint,0001001316,"TG THERAPEUTICS, INC."
DRRX,2021-03-04,pos,positive topline results,0001082038,DURECT CORP
VRCA,2021-03-04,pos,positive topline results,0001660334,Verrica Pharmaceuticals Inc.
DRRX,2021-03-08,pos,positive topline results,0001082038,DURECT CORP
DARE,2021-03-08,pos,positive topline results,0001401914,"Dare Bioscience, Inc."
IBRX,2021-03-10,pos,met its primary endpoint,0001326110,"ImmunityBio, Inc."
SPRO,2021-03-11,pos,met its primary endpoint,0001701108,"Spero Therapeutics, Inc."
LPCN,2021-03-11,pos,positive topline results,0001535955,Lipocine Inc.
KALV,2021-03-11,pos,met its primary endpoint,0001348911,"KalVista Pharmaceuticals, Inc."
TNXP,2021-03-15,pos,positive topline results,0001430306,Tonix Pharmaceuticals Holding Corp.
OCUP,2021-03-15,pos,met its primary endpoint,0001228627,"Ocuphire Pharma, Inc."
SVRA,2021-03-16,neg,did not meet its primary endpoint,0001160308,Savara Inc
LPCN,2021-03-30,pos,positive topline results,0001535955,Lipocine Inc.
CRNX,2021-03-30,pos,positive topline results,0001658247,"Crinetics Pharmaceuticals, Inc."
PLX,2021-03-30,pos,positive topline results,0001006281,"Protalix BioTherapeutics, Inc."
UTHR,2021-04-01,pos,met its primary endpoint,0001082554,UNITED THERAPEUTICS Corp
ACAD,2021-04-05,pos,met its primary endpoint,0001070494,ACADIA PHARMACEUTICALS INC
DARE,2021-04-08,pos,positive topline results,0001401914,"Dare Bioscience, Inc."
RIGL,2021-04-13,pos,positive topline results,0001034842,RIGEL PHARMACEUTICALS INC
BCRX,2021-04-14,pos,met its primary endpoint,0000882796,BIOCRYST PHARMACEUTICALS INC
BIIB,2021-04-22,pos,met its primary endpoint,0000875045,BIOGEN INC.
BIVI,2021-04-27,pos,met its primary endpoint,0001580149,BIOVIE INC.
BHC,2021-04-27,pos,met its primary endpoint,0000885590,Bausch Health Companies Inc.
LLY,2021-04-27,pos,met its primary endpoint,0000059478,ELI LILLY & Co
MRK,2021-04-29,pos,met its primary endpoint,0000310158,"Merck & Co., Inc."
DNLI,2021-05-03,neg,did not meet its primary endpoint,0001714899,Denali Therapeutics Inc.
DRRX,2021-05-04,pos,positive topline results,0001082038,DURECT CORP
ARQT,2021-05-04,neg,did not meet its primary endpoint,0001787306,"Arcutis Biotherapeutics, Inc."
BHC,2021-05-04,pos,met its primary endpoint,0000885590,Bausch Health Companies Inc.
RZLT,2021-05-04,pos,positive topline results,0001509261,"Rezolute, Inc."
FATE,2021-05-05,neg,did not meet its primary endpoint,0001434316,FATE THERAPEUTICS INC
NBIX,2021-05-05,neg,did not meet its primary endpoint,0000914475,NEUROCRINE BIOSCIENCES INC
RIGL,2021-05-05,pos,positive topline results,0001034842,RIGEL PHARMACEUTICALS INC
AMPE,2021-05-05,pos,met its primary endpoint,0001411906,"Ampio Pharmaceuticals, Inc."
UTHR,2021-05-05,pos,met its primary endpoint,0001082554,UNITED THERAPEUTICS Corp
BLUE,2021-05-05,pos,met its primary endpoint,0001293971,"bluebird bio, Inc."
LPCN,2021-05-06,pos,positive topline results,0001535955,Lipocine Inc.
APRE,2021-05-06,neg,failed to meet the primary endpoint,0001781983,"Aprea Therapeutics, Inc."
REGN,2021-05-06,pos,met its primary endpoint,0000872589,"REGENERON PHARMACEUTICALS, INC."
EXEL,2021-05-06,pos,met its primary endpoint,0000939767,"EXELIXIS, INC."
BIVI,2021-05-10,pos,met its primary endpoint,0001580149,BIOVIE INC.
BTAI,2021-05-10,pos,positive topline results,0001720893,"BioXcel Therapeutics, Inc."
PLX,2021-05-14,pos,positive topline results,0001006281,"Protalix BioTherapeutics, Inc."
OTLK,2021-05-14,pos,positive topline results,0001649989,"Outlook Therapeutics, Inc."
DARE,2021-05-17,pos,positive topline results,0001401914,"Dare Bioscience, Inc."
EYEN,2021-05-25,pos,positive topline results,0001682639,"EYENOVIA, INC."
APVO,2021-05-26,pos,met its primary endpoint,0001671584,Aptevo Therapeutics Inc.
EQ,2021-06-11,pos,positive topline results,0001746466,"Equillium, Inc."
AGIO,2021-06-11,pos,met its primary endpoint,0001439222,"AGIOS PHARMACEUTICALS, INC."
LPCN,2021-06-14,pos,positive topline results,0001535955,Lipocine Inc.
RAPT,2021-06-14,pos,positive topline results,0001673772,"RAPT Therapeutics, Inc."
SAGE,2021-06-15,pos,met its primary endpoint,0001597553,"Sage Therapeutics, Inc."
AXSM,2021-06-15,pos,met its primary endpoint,0001579428,"Axsome Therapeutics, Inc."
CRBP,2021-06-24,neg,did not meet its primary endpoint,0001595097,"Corbus Pharmaceuticals Holdings, Inc."
DARE,2021-06-30,pos,positive topline results,0001401914,"Dare Bioscience, Inc."
MBRX,2021-07-13,pos,met its primary endpoint,0001659617,"Moleculin Biotech, Inc."
CYTK,2021-07-19,pos,positive topline results,0001061983,CYTOKINETICS INC
MCRB,2021-07-22,neg,did not meet its primary endpoint,0001609809,"Seres Therapeutics, Inc."
PFE,2021-07-28,pos,met its primary endpoint,0000078003,PFIZER INC
DRRX,2021-07-29,pos,positive topline results,0001082038,DURECT CORP
AGIO,2021-07-29,pos,met its primary endpoint,0001439222,"AGIOS PHARMACEUTICALS, INC."
CYTK,2021-08-02,pos,positive topline results,0001061983,CYTOKINETICS INC
ALNY,2021-08-03,pos,positive topline results,0001178670,"ALNYLAM PHARMACEUTICALS, INC."
LLY,2021-08-03,pos,met its primary endpoint,0000059478,ELI LILLY & Co
MCRB,2021-08-03,neg,did not meet its primary endpoint,0001609809,"Seres Therapeutics, Inc."
INCY,2021-08-03,pos,positive topline results,0000879169,INCYTE CORP
RIGL,2021-08-03,pos,positive topline results,0001034842,RIGEL PHARMACEUTICALS INC
SAGE,2021-08-03,pos,met its primary endpoint,0001597553,"Sage Therapeutics, Inc."
UTHR,2021-08-04,pos,met its primary endpoint,0001082554,UNITED THERAPEUTICS Corp
VRNA,2021-08-05,pos,met its primary endpoint,0001657312,Verona Pharma plc
ARQT,2021-08-05,neg,did not meet its primary endpoint,0001787306,"Arcutis Biotherapeutics, Inc."
CYTK,2021-08-05,pos,positive topline results,0001061983,CYTOKINETICS INC
DARE,2021-08-09,pos,met its primary endpoint,0001401914,"Dare Bioscience, Inc."
ATHXQ,2021-08-09,pos,positive topline results,0001368148,"ATHERSYS, INC / NEW"
EQ,2021-08-10,pos,positive topline results,0001746466,"Equillium, Inc."
CWBR,2021-08-10,pos,positive topline results,0001522602,"CohBar, Inc."
RAPT,2021-08-11,pos,positive topline results,0001673772,"RAPT Therapeutics, Inc."
OCUP,2021-08-12,pos,met its primary endpoint,0001228627,"Ocuphire Pharma, Inc."
RIGL,2021-08-13,pos,met its primary endpoint,0001034842,RIGEL PHARMACEUTICALS INC
ENTO,2021-08-18,pos,positive topline results,0001604191,"AzurRx BioPharma, Inc."
CYTK,2021-08-19,pos,positive topline results,0001061983,CYTOKINETICS INC
TBPH,2021-08-23,neg,did not meet its primary endpoint,0001583107,"Theravance Biopharma, Inc."
LPCN,2021-08-25,pos,positive topline results,0001535955,Lipocine Inc.
AADI,2021-08-27,pos,met its primary endpoint,0001422142,"Aadi Bioscience, Inc."
CYTK,2021-09-01,pos,positive topline results,0001061983,CYTOKINETICS INC
SUPN,2021-09-03,pos,positive topline results,0001356576,"SUPERNUS PHARMACEUTICALS, INC."
DARE,2021-09-09,pos,positive topline results,0001401914,"Dare Bioscience, Inc."
CNTA,2021-09-09,pos,positive topline results,0001847903,Centessa Pharmaceuticals plc
ATYR,2021-09-13,pos,met its primary endpoint,0001339970,aTYR PHARMA INC
TBPH,2021-09-15,neg,did not meet its primary endpoint,0001583107,"Theravance Biopharma, Inc."
DARE,2021-09-30,pos,positive topline results,0001401914,"Dare Bioscience, Inc."
CYTK,2021-10-01,pos,positive topline results,0001061983,CYTOKINETICS INC
XENE,2021-10-04,pos,positive topline results,0001582313,Xenon Pharmaceuticals Inc.
FRTX,2021-10-07,pos,positive topline results,0000819050,"Brickell Biotech, Inc."
GRTX,2021-10-19,neg,did not meet its primary endpoint,0001563577,"Galera Therapeutics, Inc."
ZLAB,2021-10-19,pos,positive topline results,0001704292,Zai Lab Ltd
BIIB,2021-10-20,pos,met its primary endpoint,0000875045,BIOGEN INC.
ZLAB,2021-10-20,pos,positive topline results,0001704292,Zai Lab Ltd
ALNY,2021-10-28,pos,positive topline results,0001178670,"ALNYLAM PHARMACEUTICALS, INC."
MRK,2021-10-28,pos,positive topline results,0000310158,"Merck & Co., Inc."
SPRO,2021-10-28,pos,met its primary endpoint,0001701108,"Spero Therapeutics, Inc."
EWTX,2021-10-28,pos,positive topline results,0001710072,"Edgewise Therapeutics, Inc."
PFE,2021-11-02,pos,positive topline results,0000078003,PFIZER INC
MGNX,2021-11-02,pos,met its primary endpoint,0001125345,MACROGENICS INC
PRAX,2021-11-03,pos,positive topline results,0001689548,"Praxis Precision Medicines, Inc."
CMRX,2021-11-04,pos,positive topline results,0001117480,CHIMERIX INC
REGN,2021-11-04,pos,met its primary endpoint,0000872589,"REGENERON PHARMACEUTICALS, INC."
PHAT,2021-11-08,pos,positive topline results,0001783183,"Phathom Pharmaceuticals, Inc."
FGEN,2021-11-09,pos,positive topline results,0000921299,FIBROGEN INC
ZLAB,2021-11-09,pos,positive topline results,0001704292,Zai Lab Ltd
RVNC,2021-11-09,pos,positive topline results,0001479290,"Revance Therapeutics, Inc."
FRTX,2021-11-09,pos,positive topline results,0000819050,"Brickell Biotech, Inc."
GRTX,2021-11-10,neg,did not meet its primary endpoint,0001563577,"Galera Therapeutics, Inc."
LPCN,2021-11-10,pos,met its primary endpoint,0001535955,Lipocine Inc.
MCRB,2021-11-10,neg,did not meet its primary endpoint,0001609809,"Seres Therapeutics, Inc."
XENE,2021-11-10,pos,positive topline results,0001582313,Xenon Pharmaceuticals Inc.
FNCH,2021-11-10,pos,positive topline results,0001733257,"Finch Therapeutics Group, Inc."
SPRO,2021-11-10,pos,met its primary endpoint,0001701108,"Spero Therapeutics, Inc."
EWTX,2021-11-10,pos,positive topline results,0001710072,"Edgewise Therapeutics, Inc."
EQ,2021-11-10,pos,positive topline results,0001746466,"Equillium, Inc."
ATHXQ,2021-11-15,pos,positive topline results,0001368148,"ATHERSYS, INC / NEW"
CNTA,2021-11-15,pos,positive topline results,0001847903,Centessa Pharmaceuticals plc
ATAI,2021-11-15,pos,positive topline results,0001840904,ATAI Life Sciences N.V.
ELOX,2021-11-17,pos,positive topline results,0001035354,"Eloxx Pharmaceuticals, Inc."
BBIO,2021-11-18,pos,positive topline results,0001743881,"BridgeBio Pharma, Inc."
OTLC,2021-11-24,pos,positive topline results,0000908259,"Oncotelic Therapeutics, Inc."
IONS,2021-11-24,pos,met its primary endpoint,0000874015,IONIS PHARMACEUTICALS INC
KRYS,2021-11-29,pos,positive topline results,0001711279,"Krystal Biotech, Inc."
TGTX,2021-11-30,pos,met its primary endpoint,0001001316,"TG THERAPEUTICS, INC."
ZLAB,2021-12-03,pos,positive topline results,0001704292,Zai Lab Ltd
DARE,2021-12-08,pos,met its primary endpoint,0001401914,"Dare Bioscience, Inc."
AUPH,2021-12-09,pos,positive topline results,0001600620,Aurinia Pharmaceuticals Inc.
SRNE,2021-12-13,pos,positive topline results,0000850261,"Sorrento Therapeutics, Inc."
CDTX,2021-12-14,pos,positive topline results,0001610618,"Cidara Therapeutics, Inc."
TVTX,2021-12-15,pos,positive topline results,0001438533,"Travere Therapeutics, Inc."
TBPH,2021-12-22,neg,did not meet its primary endpoint,0001583107,"Theravance Biopharma, Inc."
PLX,2021-12-22,pos,positive topline results,0001006281,"Protalix BioTherapeutics, Inc."
BBIO,2021-12-27,neg,did not meet its primary endpoint,0001743881,"BridgeBio Pharma, Inc."
SPRO,2022-01-04,pos,met its primary endpoint,0001701108,"Spero Therapeutics, Inc."
EWTX,2022-01-05,pos,positive topline results,0001710072,"Edgewise Therapeutics, Inc."
ZLAB,2022-01-06,pos,met its primary endpoint,0001704292,Zai Lab Ltd
AUPH,2022-01-07,pos,positive topline results,0001600620,Aurinia Pharmaceuticals Inc.
FNCH,2022-01-10,pos,positive topline results,0001733257,"Finch Therapeutics Group, Inc."
RIGL,2022-01-10,pos,positive topline results,0001034842,RIGEL PHARMACEUTICALS INC
DARE,2022-01-10,pos,met its primary endpoint,0001401914,"Dare Bioscience, Inc."
TVTX,2022-01-10,pos,positive topline results,0001438533,"Travere Therapeutics, Inc."
MBRX,2022-01-18,pos,met its primary endpoint,0001659617,"Moleculin Biotech, Inc."
ETNB,2022-01-24,pos,positive topline results,0001785173,"89bio, Inc."
SPRO,2022-01-25,pos,met its primary endpoint,0001701108,"Spero Therapeutics, Inc."
CKPT,2022-01-25,pos,positive topline results,0001651407,"Checkpoint Therapeutics, Inc."
VRTX,2022-01-26,pos,met its primary endpoint,0000875320,VERTEX PHARMACEUTICALS INC / MA
GLTO,2022-01-27,pos,met its primary endpoint,0001800315,"Galecto, Inc."
LPCN,2022-01-27,pos,met its primary endpoint,0001535955,Lipocine Inc.
OCUP,2022-01-31,pos,met its primary endpoint,0001228627,"Ocuphire Pharma, Inc."
IONS,2022-01-31,pos,met its primary endpoint,0000874015,IONIS PHARMACEUTICALS INC
CYTK,2022-02-01,pos,positive topline results,0001061983,CYTOKINETICS INC
MRK,2022-02-03,pos,positive topline results,0000310158,"Merck & Co., Inc."
KPTI,2022-02-08,pos,met its primary endpoint,0001503802,Karyopharm Therapeutics Inc.
PFE,2022-02-08,pos,positive topline results,0000078003,PFIZER INC
PHAT,2022-02-09,pos,positive topline results,0001783183,"Phathom Pharmaceuticals, Inc."
BMRA,2022-02-10,pos,positive topline results,0000073290,BIOMERICA INC
ALNY,2022-02-10,pos,positive topline results,0001178670,"ALNYLAM PHARMACEUTICALS, INC."
DARE,2022-02-14,pos,met its primary endpoint,0001401914,"Dare Bioscience, Inc."
RPRX,2022-02-15,pos,positive topline results,0001802768,Royalty Pharma plc
ALKS,2022-02-16,pos,positive topline results,0001520262,Alkermes plc.
SPRO,2022-02-16,pos,positive topline results,0001701108,"Spero Therapeutics, Inc."
RZLT,2022-02-22,pos,positive topline results,0001509261,"Rezolute, Inc."
EWTX,2022-02-24,pos,positive topline results,0001710072,"Edgewise Therapeutics, Inc."
BBIO,2022-02-24,neg,did not meet its primary endpoint,0001743881,"BridgeBio Pharma, Inc."
CYTK,2022-02-24,pos,positive topline results,0001061983,CYTOKINETICS INC
TVTX,2022-02-24,pos,positive topline results,0001438533,"Travere Therapeutics, Inc."
SAGE,2022-02-24,pos,met its primary endpoint,0001597553,"Sage Therapeutics, Inc."
AQST,2022-02-25,pos,positive topline results,0001398733,"Aquestive Therapeutics, Inc."
OCUL,2022-02-28,pos,positive topline results,0001393434,"OCULAR THERAPEUTIX, INC"
RVNC,2022-02-28,pos,positive topline results,0001479290,"Revance Therapeutics, Inc."
AVIR,2022-02-28,neg,did not meet its primary endpoint,0001593899,"Atea Pharmaceuticals, Inc."
PHAT,2022-03-01,pos,positive topline results,0001783183,"Phathom Pharmaceuticals, Inc."
RIGL,2022-03-01,pos,positive topline results,0001034842,RIGEL PHARMACEUTICALS INC
ZLAB,2022-03-01,pos,positive topline results,0001704292,Zai Lab Ltd
MCRB,2022-03-01,neg,did not meet its primary endpoint,0001609809,"Seres Therapeutics, Inc."
LIANY,2022-03-02,pos,positive topline results,0001831283,LianBio
CDTX,2022-03-07,pos,positive topline results,0001610618,"Cidara Therapeutics, Inc."
DARE,2022-03-07,pos,met its primary endpoint,0001401914,"Dare Bioscience, Inc."
GILD,2022-03-07,pos,met its primary endpoint,0000882095,"GILEAD SCIENCES, INC."
SYRE,2022-03-08,pos,met its primary endpoint,0001636282,"Aeglea BioTherapeutics, Inc."
ADAP,2022-03-14,pos,met its primary endpoint,0001621227,Adaptimmune Therapeutics PLC
ATHXQ,2022-03-15,pos,positive topline results,0001368148,"ATHERSYS, INC / NEW"
APRE,2022-03-15,neg,failed to meet the primary endpoint,0001781983,"Aprea Therapeutics, Inc."
GRI,2022-03-21,neg,did not meet its primary endpoint,0001824293,"Vallon Pharmaceuticals, Inc."
ETNB,2022-03-24,pos,positive topline results,0001785173,"89bio, Inc."
CKPT,2022-03-28,pos,positive topline results,0001651407,"Checkpoint Therapeutics, Inc."
OCUP,2022-03-29,pos,positive topline results,0001228627,"Ocuphire Pharma, Inc."
ATAI,2022-03-30,pos,met its primary endpoint,0001840904,ATAI Life Sciences N.V.
LIANY,2022-03-30,pos,positive topline results,0001831283,LianBio
FNCH,2022-03-31,pos,positive topline results,0001733257,"Finch Therapeutics Group, Inc."
TBPH,2022-04-04,neg,did not meet its primary endpoint,0001583107,"Theravance Biopharma, Inc."
PLX,2022-04-04,pos,positive topline results,0001006281,"Protalix BioTherapeutics, Inc."
SYRE,2022-04-12,pos,met its primary endpoint,0001636282,"Aeglea BioTherapeutics, Inc."
TGTX,2022-04-18,pos,met its primary endpoint,0001001316,"TG THERAPEUTICS, INC."
ARCT,2022-04-20,pos,met its primary endpoint,0001768224,Arcturus Therapeutics Holdings Inc.
ARDX,2022-04-25,neg,did not meet its primary endpoint,0001437402,"ARDELYX, INC."
ACHV,2022-04-27,pos,positive topline results,0000949858,"ACHIEVE LIFE SCIENCES, INC."
GILD,2022-04-28,pos,met its primary endpoint,0000882095,"GILEAD SCIENCES, INC."
ABBV,2022-04-29,pos,met its primary endpoint,0001551152,AbbVie Inc.
PFE,2022-05-03,pos,positive topline results,0000078003,PFIZER INC
AQST,2022-05-04,pos,positive topline results,0001398733,"Aquestive Therapeutics, Inc."
RPRX,2022-05-05,pos,positive topline results,0001802768,Royalty Pharma plc
TVTX,2022-05-05,pos,positive topline results,0001438533,"Travere Therapeutics, Inc."
TBPH,2022-05-05,neg,did not meet its primary endpoint,0001583107,"Theravance Biopharma, Inc."
SYRE,2022-05-05,pos,met its primary endpoint,0001636282,"Aeglea BioTherapeutics, Inc."
PRAX,2022-05-09,pos,positive topline results,0001689548,"Praxis Precision Medicines, Inc."
GRI,2022-05-09,neg,did not meet its primary endpoint,0001824293,"Vallon Pharmaceuticals, Inc."
KOD,2022-05-10,neg,did not meet its primary endpoint,0001468748,Kodiak Sciences Inc.
ZLAB,2022-05-10,pos,positive topline results,0001704292,Zai Lab Ltd
PHAT,2022-05-10,pos,positive topline results,0001783183,"Phathom Pharmaceuticals, Inc."
HALO,2022-05-10,pos,positive topline results,0001159036,"HALOZYME THERAPEUTICS, INC."
RZLT,2022-05-12,pos,positive topline results,0001509261,"Rezolute, Inc."
LPCN,2022-05-12,pos,positive topline results,0001535955,Lipocine Inc.
OPTN,2022-05-12,pos,positive topline results,0001494650,"OptiNose, Inc."
GRI,2022-05-12,neg,did not meet its primary endpoint,0001824293,"Vallon Pharmaceuticals, Inc."
CKPT,2022-05-12,pos,positive topline results,0001651407,"Checkpoint Therapeutics, Inc."
VERU,2022-05-12,pos,met its primary endpoint,0000863894,VERU INC.
GRTX,2022-05-16,pos,positive topline results,0001563577,"Galera Therapeutics, Inc."
FNCH,2022-05-16,pos,positive topline results,0001733257,"Finch Therapeutics Group, Inc."
PLX,2022-05-16,pos,met its primary endpoint,0001006281,"Protalix BioTherapeutics, Inc."
ALDX,2022-05-18,neg,failed to meet the primary endpoint,0001341235,"Aldeyra Therapeutics, Inc."
OCUP,2022-05-19,pos,positive topline results,0001228627,"Ocuphire Pharma, Inc."
DARE,2022-05-23,pos,met its primary endpoint,0001401914,"Dare Bioscience, Inc."
YMAB,2022-05-26,pos,met its primary endpoint,0001722964,"Y-mAbs Therapeutics, Inc."
ELDN,2022-05-31,pos,positive topline results,0001404281,"Eledon Pharmaceuticals, Inc."
SAGE,2022-06-01,pos,met its primary endpoint,0001597553,"Sage Therapeutics, Inc."
DBVT,2022-06-07,pos,positive topline results,0001613780,DBV Technologies S.A.
ARQT,2022-06-09,pos,positive topline results,0001787306,"Arcutis Biotherapeutics, Inc."
SWTX,2022-06-10,pos,positive topline results,0001773427,"SpringWorks Therapeutics, Inc."
AQST,2022-06-16,pos,positive topline results,0001398733,"Aquestive Therapeutics, Inc."
CKPT,2022-06-16,pos,positive topline results,0001651407,"Checkpoint Therapeutics, Inc."
IONS,2022-06-21,pos,positive topline results,0000874015,IONIS PHARMACEUTICALS INC
KRYS,2022-06-22,pos,met its primary endpoint,0001711279,"Krystal Biotech, Inc."
KZR,2022-06-27,pos,positive topline results,0001645666,"Kezar Life Sciences, Inc."
ETNB,2022-06-28,pos,positive topline results,0001785173,"89bio, Inc."
CARA,2022-06-30,pos,positive topline results,0001346830,"Cara Therapeutics, Inc."
IONS,2022-07-11,pos,met its primary endpoint,0000874015,IONIS PHARMACEUTICALS INC
AQST,2022-07-11,pos,positive topline results,0001398733,"Aquestive Therapeutics, Inc."
BIIB,2022-07-20,neg,did not meet its primary endpoint,0000875045,BIOGEN INC.
VTGN,2022-07-22,neg,did not meet its primary endpoint,0001411685,"VistaGen Therapeutics, Inc."
ALNY,2022-07-28,pos,positive topline results,0001178670,"ALNYLAM PHARMACEUTICALS, INC."
TRVN,2022-07-28,pos,positive topline results,0001429560,TREVENA INC
ABBV,2022-07-29,pos,met its primary endpoint,0001551152,AbbVie Inc.
GILD,2022-08-02,pos,met its primary endpoint,0000882095,"GILEAD SCIENCES, INC."
REGN,2022-08-03,pos,met its primary endpoint,0000872589,"REGENERON PHARMACEUTICALS, INC."
PTCT,2022-08-04,pos,positive topline results,0001070081,"PTC THERAPEUTICS, INC."
LLY,2022-08-04,pos,positive topline results,0000059478,ELI LILLY & Co
SYRE,2022-08-04,pos,met its primary endpoint,0001636282,"Aeglea BioTherapeutics, Inc."
ADAP,2022-08-04,pos,met its primary endpoint,0001621227,Adaptimmune Therapeutics PLC
SWTX,2022-08-04,pos,positive topline results,0001773427,"SpringWorks Therapeutics, Inc."
TVTX,2022-08-04,pos,positive topline results,0001438533,"Travere Therapeutics, Inc."
RPRX,2022-08-04,pos,met its primary endpoint,0001802768,Royalty Pharma plc
IMUX,2022-08-04,neg,did not meet its primary endpoint,0001280776,"IMMUNIC, INC."
ARQT,2022-08-04,pos,positive topline results,0001787306,"Arcutis Biotherapeutics, Inc."
PRAX,2022-08-08,pos,positive topline results,0001689548,"Praxis Precision Medicines, Inc."
YMAB,2022-08-08,pos,met its primary endpoint,0001722964,"Y-mAbs Therapeutics, Inc."
PLRX,2022-08-08,pos,met its primary endpoint,0001746473,"PLIANT THERAPEUTICS, INC."
CARA,2022-08-08,pos,positive topline results,0001346830,"Cara Therapeutics, Inc."
CRBP,2022-08-09,neg,did not meet its primary endpoint,0001595097,"Corbus Pharmaceuticals Holdings, Inc."
EXEL,2022-08-09,pos,met its primary endpoint,0000939767,"EXELIXIS, INC."
HALO,2022-08-09,pos,positive topline results,0001159036,"HALOZYME THERAPEUTICS, INC."
KOD,2022-08-09,pos,positive topline results,0001468748,Kodiak Sciences Inc.
CYCN,2022-08-09,pos,positive topline results,0001755237,"Cyclerion Therapeutics, Inc."
VRNA,2022-08-09,pos,met its primary endpoint,0001657312,Verona Pharma plc
ZLAB,2022-08-09,pos,positive topline results,0001704292,Zai Lab Ltd
RANI,2022-08-10,pos,positive topline results,0001856725,"Rani Therapeutics Holdings, Inc."
VYNE,2022-08-10,neg,did not meet its primary endpoint,0001566044,VYNE Therapeutics Inc.
TSVT,2022-08-10,pos,positive topline results,0001860782,"2seventy bio, Inc."
OPTN,2022-08-11,pos,positive topline results,0001494650,"OptiNose, Inc."
ETNB,2022-08-11,pos,positive topline results,0001785173,"89bio, Inc."
ELDN,2022-08-11,pos,positive topline results,0001404281,"Eledon Pharmaceuticals, Inc."
KZR,2022-08-11,pos,positive topline results,0001645666,"Kezar Life Sciences, Inc."
SCYX,2022-08-15,pos,met its primary endpoint,0001178253,SCYNEXIS INC
VTYX,2022-08-15,pos,positive topline results,0001851194,"Ventyx Biosciences, Inc."
ROIV,2022-08-15,pos,positive topline results,0001635088,Roivant Sciences Ltd.
PLX,2022-08-15,pos,positive topline results,0001006281,"Protalix BioTherapeutics, Inc."
ADIL,2022-08-16,pos,positive topline results,0001513525,"ADIAL PHARMACEUTICALS, INC."
BPMC,2022-08-17,pos,positive topline results,0001597264,Blueprint Medicines Corp
TSVT,2022-09-07,pos,met its primary endpoint,0001860782,"2seventy bio, Inc."
SWTX,2022-09-12,pos,met its primary endpoint,0001773427,"SpringWorks Therapeutics, Inc."
DARE,2022-09-12,pos,met its primary endpoint,0001401914,"Dare Bioscience, Inc."
AKRO,2022-09-13,pos,met its primary endpoint,0001744659,"Akero Therapeutics, Inc."
ALT,2022-09-14,pos,positive topline results,0001326190,"Altimmune, Inc."
DMKPQ,2022-09-21,neg,did not meet its primary endpoint,0000887247,Adamis Pharmaceuticals Corp
AQST,2022-09-27,pos,positive topline results,0001398733,"Aquestive Therapeutics, Inc."
PEPG,2022-09-28,pos,met its primary endpoint,0001835597,PepGen Inc.
CYTK,2022-09-30,pos,positive topline results,0001061983,CYTOKINETICS INC
AXSM,2022-10-03,pos,met its primary endpoint,0001579428,"Axsome Therapeutics, Inc."
MIST,2022-10-17,pos,met its primary endpoint,0001408443,Milestone Pharmaceuticals Inc.
EYEN,2022-10-20,pos,met its primary endpoint,0001682639,"EYENOVIA, INC."
RANI,2022-10-24,pos,positive topline results,0001856725,"Rani Therapeutics Holdings, Inc."
MIRM,2022-10-24,pos,positive topline results,0001759425,"Mirum Pharmaceuticals, Inc."
PCVX,2022-10-24,pos,positive topline results,0001649094,"Vaxcyte, Inc."
BIIB,2022-10-25,pos,positive topline results,0000875045,BIOGEN INC.
TVTX,2022-10-27,pos,positive topline results,0001438533,"Travere Therapeutics, Inc."
CYDY,2022-10-28,pos,met its primary endpoint,0001175680,CytoDyn Inc.
ATNM,2022-10-31,pos,positive topline results,0001388320,"Actinium Pharmaceuticals, Inc."
EXEL,2022-11-01,pos,met its primary endpoint,0000939767,"EXELIXIS, INC."
PFE,2022-11-01,pos,positive topline results,0000078003,PFIZER INC
MTNB,2022-11-02,pos,met its primary endpoint,0001582554,"Matinas BioPharma Holdings, Inc."
SWTX,2022-11-03,pos,met its primary endpoint,0001773427,"SpringWorks Therapeutics, Inc."
AMGN,2022-11-03,pos,met its primary endpoint,0000318154,AMGEN INC
SYRE,2022-11-03,pos,met its primary endpoint,0001636282,"Aeglea BioTherapeutics, Inc."
PCRX,2022-11-03,pos,positive topline results,0001396814,"Pacira BioSciences, Inc."
ABEO,2022-11-03,pos,positive topline results,0000318306,ABEONA THERAPEUTICS INC.
TBPH,2022-11-03,neg,did not meet its primary endpoint,0001583107,"Theravance Biopharma, Inc."
PCVX,2022-11-07,pos,positive topline results,0001649094,"Vaxcyte, Inc."
RLYB,2022-11-07,pos,positive topline results,0001739410,Rallybio Corp
ARQT,2022-11-08,pos,positive topline results,0001787306,"Arcutis Biotherapeutics, Inc."
HALO,2022-11-08,pos,positive topline results,0001159036,"HALOZYME THERAPEUTICS, INC."
ANAB,2022-11-08,pos,met its primary endpoint,0001370053,"ANAPTYSBIO, INC"
RPRX,2022-11-08,pos,positive topline results,0001802768,Royalty Pharma plc
SCYX,2022-11-09,pos,met its primary endpoint,0001178253,SCYNEXIS INC
VRNA,2022-11-09,pos,met its primary endpoint,0001657312,Verona Pharma plc
XERS,2022-11-09,pos,positive topline results,0001867096,"Xeris Biopharma Holdings, Inc."
PRAX,2022-11-09,pos,positive topline results,0001689548,"Praxis Precision Medicines, Inc."
VYNE,2022-11-10,neg,did not meet its primary endpoint,0001566044,VYNE Therapeutics Inc.
RANI,2022-11-10,pos,positive topline results,0001856725,"Rani Therapeutics Holdings, Inc."
PEPG,2022-11-10,pos,met its primary endpoint,0001835597,PepGen Inc.
MIST,2022-11-10,pos,met its primary endpoint,0001408443,Milestone Pharmaceuticals Inc.
EYEN,2022-11-10,pos,met its primary endpoint,0001682639,"EYENOVIA, INC."
DARE,2022-11-14,pos,positive topline results,0001401914,"Dare Bioscience, Inc."
AVXL,2022-12-02,pos,positive topline results,0001314052,ANAVEX LIFE SCIENCES CORP.
GOSS,2022-12-06,pos,met its primary endpoint,0001728117,"Gossamer Bio, Inc."
BIVI,2022-12-07,pos,positive topline results,0001580149,BIOVIE INC.
DARE,2022-12-12,pos,positive topline results,0001401914,"Dare Bioscience, Inc."
ARQT,2022-12-16,pos,positive topline results,0001787306,"Arcutis Biotherapeutics, Inc."
ZYME,2022-12-19,pos,positive topline results,0001937653,Zymeworks Inc.
ALT,2022-12-20,pos,positive topline results,0001326190,"Altimmune, Inc."
VCEL,2022-12-29,pos,met its primary endpoint,0000887359,Vericel Corp
VERA,2023-01-03,pos,positive topline results,0001831828,"Vera Therapeutics, Inc."
CMMB,2023-01-03,pos,met its primary endpoint,0001534248,Chemomab Therapeutics Ltd.
CKPT,2023-01-04,pos,met its primary endpoint,0001651407,"Checkpoint Therapeutics, Inc."
ZLAB,2023-01-05,pos,met its primary endpoint,0001704292,Zai Lab Ltd
RANI,2023-01-05,pos,positive topline results,0001856725,"Rani Therapeutics Holdings, Inc."
PHAT,2023-01-09,pos,positive topline results,0001783183,"Phathom Pharmaceuticals, Inc."
DAWN,2023-01-09,pos,positive topline results,0001845337,"Day One Biopharmaceuticals, Inc."
SPRO,2023-01-09,pos,met its primary endpoint,0001701108,"Spero Therapeutics, Inc."
ELDN,2023-01-09,pos,positive topline results,0001404281,"Eledon Pharmaceuticals, Inc."
DVAX,2023-01-09,pos,positive topline results,0001029142,DYNAVAX TECHNOLOGIES CORP
TSVT,2023-01-09,pos,met its primary endpoint,0001860782,"2seventy bio, Inc."
ORMP,2023-01-12,neg,did not meet its primary endpoint,0001176309,ORAMED PHARMACEUTICALS INC.
PFE,2023-01-31,pos,met its primary endpoint,0000078003,PFIZER INC
MRK,2023-02-02,pos,positive topline results,0000310158,"Merck & Co., Inc."
EVLO,2023-02-02,neg,failed to meet the primary endpoint,0001694665,"Evelo Biosciences, Inc."
SAGE,2023-02-16,pos,met its primary endpoint,0001597553,"Sage Therapeutics, Inc."
HALO,2023-02-21,pos,positive topline results,0001159036,"HALOZYME THERAPEUTICS, INC."
CMMB,2023-02-21,pos,met its primary endpoint,0001534248,Chemomab Therapeutics Ltd.
ESPR,2023-02-21,pos,met its primary endpoint,0001434868,"Esperion Therapeutics, Inc."
MDGL,2023-02-23,pos,positive topline results,0001157601,"MADRIGAL PHARMACEUTICALS, INC."
PCVX,2023-02-27,pos,positive topline results,0001649094,"Vaxcyte, Inc."
AXSM,2023-02-27,pos,positive topline results,0001579428,"Axsome Therapeutics, Inc."
PLX,2023-02-27,pos,met its primary endpoint,0001006281,"Protalix BioTherapeutics, Inc."
PHAT,2023-02-28,pos,positive topline results,0001783183,"Phathom Pharmaceuticals, Inc."
ARQT,2023-02-28,pos,positive topline results,0001787306,"Arcutis Biotherapeutics, Inc."
CRNX,2023-02-28,pos,positive topline results,0001658247,"Crinetics Pharmaceuticals, Inc."
ZLAB,2023-03-01,pos,met its primary endpoint,0001704292,Zai Lab Ltd
SYRE,2023-03-02,pos,met its primary endpoint,0001636282,"Aeglea BioTherapeutics, Inc."
CKPT,2023-03-02,pos,met its primary endpoint,0001651407,"Checkpoint Therapeutics, Inc."
DAWN,2023-03-06,pos,positive topline results,0001845337,"Day One Biopharmaceuticals, Inc."
ACRS,2023-03-06,neg,did not meet its primary endpoint,0001557746,"Aclaris Therapeutics, Inc."
ARMP,2023-03-06,pos,positive topline results,0000921114,"Armata Pharmaceuticals, Inc."
BBIO,2023-03-06,pos,positive topline results,0001743881,"BridgeBio Pharma, Inc."
ADAP,2023-03-06,pos,met its primary endpoint,0001621227,Adaptimmune Therapeutics PLC
FRTX,2023-03-07,pos,positive topline results,0000819050,"Fresh Tracks Therapeutics, Inc."
TSVT,2023-03-07,pos,met its primary endpoint,0001860782,"2seventy bio, Inc."
XERS,2023-03-08,pos,positive topline results,0001867096,"Xeris Biopharma Holdings, Inc."
ROIV,2023-03-15,pos,positive topline results,0001635088,Roivant Sciences Ltd.
PTGX,2023-03-15,pos,positive topline results,0001377121,"Protagonist Therapeutics, Inc"
ARMP,2023-03-16,pos,positive topline results,0000921114,"Armata Pharmaceuticals, Inc."
RNAC,2023-03-21,pos,positive topline results,0001453687,SELECTA BIOSCIENCES INC
IONS,2023-03-27,pos,positive topline results,0000874015,IONIS PHARMACEUTICALS INC
ITCI,2023-03-28,pos,positive topline results,0001567514,"Intra-Cellular Therapies, Inc."
ABEO,2023-03-29,pos,positive topline results,0000318306,ABEONA THERAPEUTICS INC.
MIST,2023-03-29,pos,met its primary endpoint,0001408443,Milestone Pharmaceuticals Inc.
FRTX,2023-03-30,pos,positive topline results,0000819050,"Fresh Tracks Therapeutics, Inc."
PULM,2023-03-30,pos,positive topline results,0001574235,"Pulmatrix, Inc."
CKPT,2023-03-31,pos,met its primary endpoint,0001651407,"Checkpoint Therapeutics, Inc."
DBVT,2023-04-20,pos,positive topline results,0001613780,DBV Technologies S.A.
LIANY,2023-04-26,pos,positive topline results,0001831283,LianBio
AMGN,2023-04-27,pos,met its primary endpoint,0000318154,AMGEN INC
MRK,2023-04-27,pos,positive topline results,0000310158,"Merck & Co., Inc."
ARCT,2023-04-28,pos,met its primary endpoint,0001768224,Arcturus Therapeutics Holdings Inc.
INCY,2023-05-02,pos,met its primary endpoint,0000879169,INCYTE CORP
PFE,2023-05-02,pos,met its primary endpoint,0000078003,PFIZER INC
SDGR,2023-05-04,pos,positive topline results,0001490978,"Schrodinger, Inc."
ETNB,2023-05-04,pos,positive topline results,0001785173,"89bio, Inc."
PTGX,2023-05-04,pos,positive topline results,0001377121,"Protagonist Therapeutics, Inc"
ESPR,2023-05-04,pos,positive topline results,0001434868,"Esperion Therapeutics, Inc."
PLX,2023-05-05,pos,met its primary endpoint,0001006281,"Protalix BioTherapeutics, Inc."
PCVX,2023-05-08,pos,positive topline results,0001649094,"Vaxcyte, Inc."
ARQT,2023-05-09,pos,positive topline results,0001787306,"Arcutis Biotherapeutics, Inc."
ZLAB,2023-05-09,pos,met its primary endpoint,0001704292,Zai Lab Ltd
ARCT,2023-05-09,pos,met its primary endpoint,0001768224,Arcturus Therapeutics Holdings Inc.
FRTX,2023-05-10,pos,positive topline results,0000819050,"Fresh Tracks Therapeutics, Inc."
PHAT,2023-05-10,pos,positive topline results,0001783183,"Phathom Pharmaceuticals, Inc."
PLX,2023-05-10,pos,met its primary endpoint,0001006281,"Protalix BioTherapeutics, Inc."
CMMB,2023-05-11,pos,met its primary endpoint,0001534248,Chemomab Therapeutics Ltd.
PRAX,2023-05-11,pos,positive topline results,0001689548,"Praxis Precision Medicines, Inc."
BOLT,2023-05-11,pos,positive topline results,0001641281,"Bolt Biotherapeutics, Inc."
DBVT,2023-05-11,pos,positive topline results,0001613780,DBV Technologies S.A.
ADAP,2023-05-12,pos,met its primary endpoint,0001621227,Adaptimmune Therapeutics PLC
ARMP,2023-05-12,pos,positive topline results,0000921114,"Armata Pharmaceuticals, Inc."
PULM,2023-05-12,pos,positive topline results,0001574235,"Pulmatrix, Inc."
KOD,2023-05-15,pos,met its primary endpoint,0001468748,Kodiak Sciences Inc.
LPCN,2023-05-16,pos,positive topline results,0001535955,Lipocine Inc.
ROIV,2023-05-16,pos,positive topline results,0001635088,Roivant Sciences Ltd.
FGEN,2023-05-18,pos,positive topline results,0000921299,FIBROGEN INC
KRYS,2023-05-19,pos,met its primary endpoint,0001711279,"Krystal Biotech, Inc."
PTCT,2023-05-23,neg,did not meet its primary endpoint,0001070081,"PTC THERAPEUTICS, INC."
ACHV,2023-05-23,pos,positive topline results,0000949858,"ACHIEVE LIFE SCIENCES, INC."
TVTX,2023-05-31,pos,positive topline results,0001438533,"Travere Therapeutics, Inc."
BLPH,2023-06-05,neg,did not meet its primary endpoint,0001600132,"Bellerophon Therapeutics, Inc."
ZLAB,2023-06-06,pos,met its primary endpoint,0001704292,Zai Lab Ltd
TSVT,2023-06-14,pos,met its primary endpoint,0001860782,"2seventy bio, Inc."
MLTX,2023-06-26,pos,positive topline results,0001821586,MoonLake Immunotherapeutics
AVTX,2023-06-26,neg,did not meet its primary endpoint,0001534120,"Avalo Therapeutics, Inc."
CGTX,2023-06-28,pos,positive topline results,0001455365,COGNITION THERAPEUTICS INC
ROIV,2023-06-28,pos,positive topline results,0001635088,Roivant Sciences Ltd.
MLTX,2023-06-29,pos,met its primary endpoint,0001821586,MoonLake Immunotherapeutics
BTAI,2023-06-29,pos,positive topline results,0001720893,"BioXcel Therapeutics, Inc."
BLPH,2023-06-29,neg,did not meet its primary endpoint,0001600132,"Bellerophon Therapeutics, Inc."
ARCT,2023-06-30,pos,met its primary endpoint,0001768224,Arcturus Therapeutics Holdings Inc.
ZLAB,2023-06-30,pos,met its primary endpoint,0001704292,Zai Lab Ltd
ABOS,2023-07-17,pos,positive topline results,0001576885,"Acumen Pharmaceuticals, Inc."
JNJ,2023-07-20,pos,positive topline results,0000200406,JOHNSON & JOHNSON
AVTX,2023-07-21,neg,did not meet its primary endpoint,0001534120,"Avalo Therapeutics, Inc."
SNDX,2023-07-24,pos,positive topline results,0001395937,Syndax Pharmaceuticals Inc
SYRE,2023-07-27,pos,met its primary endpoint,0001636282,"Aeglea BioTherapeutics, Inc."
URGN,2023-07-27,pos,met its primary endpoint,0001668243,UroGen Pharma Ltd.
LPCN,2023-07-27,pos,positive topline results,0001535955,Lipocine Inc.
MRSN,2023-07-27,neg,did not meet its primary endpoint,0001442836,"Mersana Therapeutics, Inc."
ABBV,2023-07-27,pos,positive topline results,0001551152,AbbVie Inc.
TNFA,2023-07-31,pos,positive topline results,0001321834,"MyMD Pharmaceuticals, Inc."
APLS,2023-07-31,neg,did not meet its primary endpoint,0001492422,"Apellis Pharmaceuticals, Inc."
INCY,2023-08-01,pos,positive topline results,0000879169,INCYTE CORP
MRK,2023-08-01,pos,positive topline results,0000310158,"Merck & Co., Inc."
PTGX,2023-08-03,pos,positive topline results,0001377121,"Protagonist Therapeutics, Inc"
TVTX,2023-08-03,pos,positive topline results,0001438533,"Travere Therapeutics, Inc."
SNDX,2023-08-03,pos,positive topline results,0001395937,Syndax Pharmaceuticals Inc
AVTX,2023-08-03,neg,did not meet its primary endpoint,0001534120,"Avalo Therapeutics, Inc."
AMGN,2023-08-03,pos,met its primary endpoint,0000318154,AMGEN INC
VTGN,2023-08-07,pos,met its primary endpoint,0001411685,"Vistagen Therapeutics, Inc."
ZLAB,2023-08-07,pos,positive topline results,0001704292,Zai Lab Ltd
CAPR,2023-08-07,pos,met its primary endpoint,0001133869,"CAPRICOR THERAPEUTICS, INC."
ARQT,2023-08-08,pos,positive topline results,0001787306,"Arcutis Biotherapeutics, Inc."
DERM,2023-08-08,pos,positive topline results,0001867066,Journey Medical Corp
HALO,2023-08-08,pos,met its primary endpoint,0001159036,"HALOZYME THERAPEUTICS, INC."
ABOS,2023-08-08,pos,positive topline results,0001576885,"Acumen Pharmaceuticals, Inc."
CGTX,2023-08-08,pos,positive topline results,0001455365,COGNITION THERAPEUTICS INC
MGNX,2023-08-09,pos,met its primary endpoint,0001125345,MACROGENICS INC
ADAP,2023-08-09,pos,met its primary endpoint,0001621227,Adaptimmune Therapeutics PLC
LPCN,2023-08-10,pos,positive topline results,0001535955,Lipocine Inc.
URGN,2023-08-10,pos,positive topline results,0001668243,UroGen Pharma Ltd.
SGMT,2023-08-10,pos,positive topline results,0001400118,Sagimet Biosciences Inc.
MLTX,2023-08-10,pos,met its primary endpoint,0001821586,MoonLake Immunotherapeutics
VERA,2023-08-10,pos,met its primary endpoint,0001831828,"Vera Therapeutics, Inc."
ACHV,2023-08-14,pos,positive topline results,0000949858,"ACHIEVE LIFE SCIENCES, INC."
BTAI,2023-08-14,pos,positive topline results,0001720893,"BioXcel Therapeutics, Inc."
CTXR,2023-08-15,pos,positive topline results,0001506251,"Citius Pharmaceuticals, Inc."
GLTO,2023-08-15,neg,did not meet its primary endpoint,0001800315,"Galecto, Inc."
SGMT,2023-08-21,pos,positive topline results,0001400118,Sagimet Biosciences Inc.
AKBA,2023-08-25,pos,positive topline results,0001517022,"Akebia Therapeutics, Inc."
FGEN,2023-08-29,neg,did not meet its primary endpoint,0000921299,FIBROGEN INC
INSM,2023-09-05,pos,positive topline results,0001104506,INSMED Inc
AVTX,2023-09-11,neg,did not meet its primary endpoint,0001534120,"Avalo Therapeutics, Inc."
NBIX,2023-09-12,pos,met its primary endpoint,0000914475,NEUROCRINE BIOSCIENCES INC
TSVT,2023-09-13,pos,met its primary endpoint,0001860782,"2seventy bio, Inc."
DNTH,2023-09-21,pos,positive topline results,0001690585,"Dianthus Therapeutics, Inc. /DE/"
NRBO,2023-09-22,pos,positive topline results,0001638287,"NeuroBo Pharmaceuticals, Inc."
IONS,2023-09-26,pos,positive topline results,0000874015,IONIS PHARMACEUTICALS INC
SGMT,2023-09-27,pos,positive topline results,0001400118,Sagimet Biosciences Inc.
SNDX,2023-10-02,pos,met its primary endpoint,0001395937,Syndax Pharmaceuticals Inc
VTGN,2023-10-02,pos,positive topline results,0001411685,"Vistagen Therapeutics, Inc."
NBIX,2023-10-05,pos,met its primary endpoint,0000914475,NEUROCRINE BIOSCIENCES INC
ANAB,2023-10-10,pos,met its primary endpoint,0001370053,"ANAPTYSBIO, INC"
CDTX,2023-10-13,pos,positive topline results,0001610618,"Cidara Therapeutics, Inc."
MLTX,2023-10-16,pos,met its primary endpoint,0001821586,MoonLake Immunotherapeutics
SGMT,2023-10-23,pos,positive topline results,0001400118,Sagimet Biosciences Inc.
INSM,2023-10-26,pos,positive topline results,0001104506,INSMED Inc
ABBV,2023-10-27,pos,positive topline results,0001551152,AbbVie Inc.
PFE,2023-10-31,pos,positive topline results,0000078003,PFIZER INC
INCY,2023-10-31,pos,met its primary endpoint,0000879169,INCYTE CORP
INVA,2023-11-01,pos,met its primary endpoint,0001080014,"Innoviva, Inc."
EXEL,2023-11-01,pos,met its primary endpoint,0000939767,"EXELIXIS, INC."
SNDX,2023-11-02,pos,met its primary endpoint,0001395937,Syndax Pharmaceuticals Inc
ALNY,2023-11-02,pos,positive topline results,0001178670,"ALNYLAM PHARMACEUTICALS, INC."
PTGX,2023-11-02,pos,positive topline results,0001377121,"Protagonist Therapeutics, Inc"
ARQT,2023-11-03,pos,positive topline results,0001787306,"Arcutis Biotherapeutics, Inc."
CLDX,2023-11-06,pos,positive topline results,0000744218,"Celldex Therapeutics, Inc."
KOD,2023-11-06,pos,met its primary endpoint,0001468748,Kodiak Sciences Inc.
MLTX,2023-11-06,pos,positive topline results,0001821586,MoonLake Immunotherapeutics
AQST,2023-11-06,pos,positive topline results,0001398733,"Aquestive Therapeutics, Inc."
HALO,2023-11-06,pos,positive topline results,0001159036,"HALOZYME THERAPEUTICS, INC."
CRNX,2023-11-07,pos,positive topline results,0001658247,"Crinetics Pharmaceuticals, Inc."
MRSN,2023-11-07,neg,did not meet its primary endpoint,0001442836,"Mersana Therapeutics, Inc."
DNLI,2023-11-07,neg,did not meet its primary endpoint,0001714899,Denali Therapeutics Inc.
ZLAB,2023-11-07,neg,did not meet its primary endpoint,0001704292,Zai Lab Ltd
DERM,2023-11-07,pos,positive topline results,0001867066,Journey Medical Corp
TVTX,2023-11-07,pos,positive topline results,0001438533,"Travere Therapeutics, Inc."
ADAP,2023-11-08,pos,met its primary endpoint,0001621227,Adaptimmune Therapeutics PLC
LPCN,2023-11-08,pos,positive topline results,0001535955,Lipocine Inc.
VERA,2023-11-09,pos,met its primary endpoint,0001831828,"Vera Therapeutics, Inc."
ABOS,2023-11-13,pos,positive topline results,0001576885,"Acumen Pharmaceuticals, Inc."
OCUP,2023-11-13,pos,met its primary endpoint,0001228627,"Ocuphire Pharma, Inc."
MLTX,2023-11-14,pos,met its primary endpoint,0001821586,MoonLake Immunotherapeutics
KOD,2023-11-14,pos,met its primary endpoint,0001468748,Kodiak Sciences Inc.
URGN,2023-11-14,pos,met its primary endpoint,0001668243,UroGen Pharma Ltd.
SWTX,2023-11-17,pos,positive topline results,0001773427,"SpringWorks Therapeutics, Inc."
TSVT,2023-11-20,pos,met its primary endpoint,0001860782,"2seventy bio, Inc."
ROIV,2023-11-27,neg,did not meet its primary endpoint,0001635088,Roivant Sciences Ltd.
ALT,2023-11-30,pos,positive topline results,0001326190,"Altimmune, Inc."
ABOS,2023-12-04,pos,positive topline results,0001576885,"Acumen Pharmaceuticals, Inc."
EYPT,2023-12-04,pos,positive topline results,0001314102,"EyePoint Pharmaceuticals, Inc."
ADAP,2023-12-06,pos,met its primary endpoint,0001621227,Adaptimmune Therapeutics PLC
NRBO,2023-12-07,pos,positive topline results,0001638287,"NeuroBo Pharmaceuticals, Inc."
TARS,2023-12-11,pos,positive topline results,0001819790,"Tarsus Pharmaceuticals, Inc."
SNDX,2023-12-12,pos,positive topline results,0001395937,Syndax Pharmaceuticals Inc
MIRM,2023-12-18,neg,did not meet its primary endpoint,0001759425,"Mirum Pharmaceuticals, Inc."
DARE,2023-12-20,pos,positive topline results,0001401914,"Dare Bioscience, Inc."
GLTO,2023-12-21,pos,positive topline results,0001800315,"Galecto, Inc."
CYTK,2023-12-27,pos,positive topline results,0001061983,CYTOKINETICS INC
RPRX,2023-12-27,pos,positive topline results,0001802768,Royalty Pharma plc
SGMT,2023-12-29,pos,positive topline results,0001400118,Sagimet Biosciences Inc.
ADAP,2024-01-04,pos,met its primary endpoint,0001621227,Adaptimmune Therapeutics PLC
VERA,2024-01-08,pos,met its primary endpoint,0001831828,"Vera Therapeutics, Inc."
EXEL,2024-01-08,pos,met its primary endpoint,0000939767,"EXELIXIS, INC."
CLRB,2024-01-09,pos,met its primary endpoint,0001279704,"Cellectar Biosciences, Inc."
ALLK,2024-01-16,pos,met its primary endpoint,0001564824,Allakos Inc.
SGMT,2024-01-22,pos,positive topline results,0001400118,Sagimet Biosciences Inc.
IONS,2024-01-22,pos,positive topline results,0000874015,IONIS PHARMACEUTICALS INC
VERA,2024-01-25,pos,met its primary endpoint,0001831828,"Vera Therapeutics, Inc."
ITRM,2024-01-30,pos,positive topline results,0001659323,Iterum Therapeutics plc
PFE,2024-01-30,pos,met its primary endpoint,0000078003,PFIZER INC
ADAP,2024-01-31,pos,met its primary endpoint,0001621227,Adaptimmune Therapeutics PLC
REGN,2024-02-02,pos,met its primary endpoint,0000872589,"REGENERON PHARMACEUTICALS, INC."
ABBV,2024-02-02,pos,positive topline results,0001551152,AbbVie Inc.
RANI,2024-02-05,pos,positive topline results,0001856725,"Rani Therapeutics Holdings, Inc."
LLY,2024-02-06,pos,met its primary endpoint,0000059478,ELI LILLY & Co
GILD,2024-02-06,neg,did not meet its primary endpoint,0000882095,"GILEAD SCIENCES, INC."
IMNM,2024-02-06,pos,met its primary endpoint,0001472012,Immunome Inc.
ADXS,2024-02-06,pos,met its primary endpoint,0001100397,"Ayala Pharmaceuticals, Inc."
VKTX,2024-02-07,pos,positive topline results,0001607678,"Viking Therapeutics, Inc."
AIM,2024-02-09,pos,positive topline results,0000946644,AIM ImmunoTech Inc.
INCY,2024-02-13,pos,met its primary endpoint,0000879169,INCYTE CORP
KALV,2024-02-13,pos,positive topline results,0001348911,"KalVista Pharmaceuticals, Inc."
NRBO,2024-02-14,pos,positive topline results,0001638287,"NeuroBo Pharmaceuticals, Inc."
HRMY,2024-02-22,pos,positive topline results,0001802665,"Harmony Biosciences Holdings, Inc."
BBIO,2024-02-22,pos,met its primary endpoint,0001743881,"BridgeBio Pharma, Inc."
CLDX,2024-02-26,pos,positive topline results,0000744218,"Celldex Therapeutics, Inc."
MLTX,2024-02-26,pos,met its primary endpoint,0001821586,MoonLake Immunotherapeutics
TARS,2024-02-27,pos,positive topline results,0001819790,"Tarsus Pharmaceuticals, Inc."
ARQT,2024-02-27,pos,positive topline results,0001787306,"Arcutis Biotherapeutics, Inc."
ADAP,2024-02-27,pos,met its primary endpoint,0001621227,Adaptimmune Therapeutics PLC
SNDX,2024-02-27,pos,positive topline results,0001395937,Syndax Pharmaceuticals Inc
CRNX,2024-02-28,pos,positive topline results,0001658247,"Crinetics Pharmaceuticals, Inc."
MIRM,2024-02-28,pos,positive topline results,0001759425,"Mirum Pharmaceuticals, Inc."
IXHL,2024-02-28,pos,positive topline results,0001873875,Incannex Healthcare Inc.
INVA,2024-02-29,pos,met its primary endpoint,0001080014,"Innoviva, Inc."
MLTX,2024-02-29,pos,met its primary endpoint,0001821586,MoonLake Immunotherapeutics
AKRO,2024-03-04,pos,met its primary endpoint,0001744659,"Akero Therapeutics, Inc."
ADAP,2024-03-06,pos,met its primary endpoint,0001621227,Adaptimmune Therapeutics PLC
LPCN,2024-03-07,pos,positive topline results,0001535955,Lipocine Inc.
AMLX,2024-03-08,neg,did not meet its primary endpoint,0001658551,"Amylyx Pharmaceuticals, Inc."
MLTX,2024-03-11,pos,met its primary endpoint,0001821586,MoonLake Immunotherapeutics
SLRN,2024-03-11,pos,positive topline results,0001962918,"ACELYRIN, Inc."
ACAD,2024-03-11,neg,did not meet its primary endpoint,0001070494,ACADIA PHARMACEUTICALS INC
TNXP,2024-03-11,pos,met its primary endpoint,0001430306,Tonix Pharmaceuticals Holding Corp.
CRNX,2024-03-12,pos,positive topline results,0001658247,"Crinetics Pharmaceuticals, Inc."
IMRX,2024-03-14,pos,positive topline results,0001790340,Immuneering Corp
RGLS,2024-03-14,pos,positive topline results,0001505512,Regulus Therapeutics Inc.
CRNX,2024-03-19,pos,positive topline results,0001658247,"Crinetics Pharmaceuticals, Inc."
RANI,2024-03-20,pos,positive topline results,0001856725,"Rani Therapeutics Holdings, Inc."
VERA,2024-03-20,pos,met its primary endpoint,0001831828,"Vera Therapeutics, Inc."
DERM,2024-03-21,pos,positive topline results,0001867066,Journey Medical Corp
SGMT,2024-03-25,pos,positive topline results,0001400118,Sagimet Biosciences Inc.
CLRB,2024-03-27,pos,met its primary endpoint,0001279704,"Cellectar Biosciences, Inc."
KOD,2024-03-28,pos,met its primary endpoint,0001468748,Kodiak Sciences Inc.
DYAI,2024-03-28,pos,met its primary endpoint,0001213809,DYADIC INTERNATIONAL INC
DARE,2024-03-28,pos,positive topline results,0001401914,"Dare Bioscience, Inc."
LPCN,2024-03-28,pos,positive topline results,0001535955,Lipocine Inc.
LENZ,2024-04-03,pos,positive topline results,0001815776,"LENZ Therapeutics, Inc."
ALKS,2024-04-09,pos,positive topline results,0001520262,Alkermes plc.
ITCI,2024-04-16,pos,positive topline results,0001567514,"Intra-Cellular Therapies, Inc."
JNJ,2024-04-16,pos,positive topline results,0000200406,JOHNSON & JOHNSON
NRBO,2024-04-16,pos,positive topline results,0001638287,"NeuroBo Pharmaceuticals, Inc."
SAGE,2024-04-17,neg,did not meet its primary endpoint,0001597553,"Sage Therapeutics, Inc."
VKTX,2024-04-24,pos,positive topline results,0001607678,"Viking Therapeutics, Inc."
SAGE,2024-04-25,neg,did not meet its primary endpoint,0001597553,"Sage Therapeutics, Inc."
ABBV,2024-04-26,pos,positive topline results,0001551152,AbbVie Inc.
LLY,2024-04-30,pos,positive topline results,0000059478,ELI LILLY & Co
ALKS,2024-05-01,pos,positive topline results,0001520262,Alkermes plc.
LNTH,2024-05-02,pos,met its primary endpoint,0001521036,"Lantheus Holdings, Inc."
GLYC,2024-05-06,neg,did not meet its primary endpoint,0001253689,GLYCOMIMETICS INC
AXSM,2024-05-06,pos,positive topline results,0001579428,"Axsome Therapeutics, Inc."
EYPT,2024-05-06,pos,positive topline results,0001314102,"EyePoint Pharmaceuticals, Inc."
RANI,2024-05-06,pos,positive topline results,0001856725,"Rani Therapeutics Holdings, Inc."
IMRX,2024-05-07,pos,positive topline results,0001790340,Immuneering Corp
MLTX,2024-05-07,pos,met its primary endpoint,0001821586,MoonLake Immunotherapeutics
ZVRA,2024-05-08,pos,positive topline results,0001434647,"ZEVRA THERAPEUTICS, INC."
SNDX,2024-05-08,pos,positive topline results,0001395937,Syndax Pharmaceuticals Inc
PDSB,2024-05-08,pos,met its primary endpoint,0001472091,PDS Biotechnology Corp
ZLAB,2024-05-08,pos,positive topline results,0001704292,Zai Lab Ltd
MIRM,2024-05-08,pos,positive topline results,0001759425,"Mirum Pharmaceuticals, Inc."
IRWD,2024-05-09,pos,positive topline results,0001446847,IRONWOOD PHARMACEUTICALS INC
VTYX,2024-05-09,pos,positive topline results,0001851194,"Ventyx Biosciences, Inc."
CRNX,2024-05-09,pos,positive topline results,0001658247,"Crinetics Pharmaceuticals, Inc."
AKRO,2024-05-10,pos,met its primary endpoint,0001744659,"Akero Therapeutics, Inc."
PDSB,2024-05-10,pos,met its primary endpoint,0001472091,PDS Biotechnology Corp
VXRT,2024-05-13,pos,positive topline results,0000072444,"Vaxart, Inc."
ARQT,2024-05-14,pos,positive topline results,0001787306,"Arcutis Biotherapeutics, Inc."
DYAI,2024-05-14,pos,met its primary endpoint,0001213809,DYADIC INTERNATIONAL INC
CLRB,2024-05-14,pos,met its primary endpoint,0001279704,"Cellectar Biosciences, Inc."
PDSB,2024-05-15,pos,met its primary endpoint,0001472091,PDS Biotechnology Corp
ADAP,2024-05-15,pos,met its primary endpoint,0001621227,Adaptimmune Therapeutics PLC
SGMT,2024-05-15,pos,positive topline results,0001400118,Sagimet Biosciences Inc.
CTXR,2024-05-21,pos,positive topline results,0001506251,"Citius Pharmaceuticals, Inc."
SGMT,2024-05-23,pos,positive topline results,0001400118,Sagimet Biosciences Inc.
RZLT,2024-05-24,pos,positive topline results,0001509261,"Rezolute, Inc."
INSM,2024-05-28,pos,positive topline results,0001104506,INSMED Inc
SMMT,2024-05-30,pos,met its primary endpoint,0001599298,Summit Therapeutics Inc.
RARE,2024-05-30,pos,positive topline results,0001515673,Ultragenyx Pharmaceutical Inc.
IONS,2024-05-31,pos,met its primary endpoint,0000874015,IONIS PHARMACEUTICALS INC
GPCR,2024-06-03,pos,positive topline results,0001888886,Structure Therapeutics Inc.
ANNX,2024-06-04,pos,positive topline results,0001528115,"Annexon, Inc."
SKYE,2024-06-10,neg,did not meet its primary endpoint,0001516551,"Skye Bioscience, Inc."
MLTX,2024-06-10,pos,met its primary endpoint,0001821586,MoonLake Immunotherapeutics
SAGE,2024-06-11,pos,met its primary endpoint,0001597553,"Sage Therapeutics, Inc."
URGN,2024-06-13,pos,met its primary endpoint,0001668243,UroGen Pharma Ltd.
AVTE,2024-06-17,neg,did not meet its primary endpoint,0001798749,"Aerovate Therapeutics, Inc."
ITCI,2024-06-18,pos,positive topline results,0001567514,"Intra-Cellular Therapies, Inc."
VXRT,2024-06-18,pos,positive topline results,0000072444,"Vaxart, Inc."
RANI,2024-06-24,pos,positive topline results,0001856725,"Rani Therapeutics Holdings, Inc."
RGLS,2024-06-24,pos,positive topline results,0001505512,Regulus Therapeutics Inc.
BTAI,2024-06-25,pos,positive topline results,0001720893,"BioXcel Therapeutics, Inc."
SVRA,2024-06-26,pos,positive topline results,0001160308,Savara Inc
BIOR,2024-07-01,pos,positive topline results,0001580063,"BIORA THERAPEUTICS, INC."
RNAC,2024-07-02,pos,positive topline results,0001453687,"Cartesian Therapeutics, Inc."
INSM,2024-07-03,pos,positive topline results,0001104506,INSMED Inc
HLVX,2024-07-08,neg,did not meet its primary endpoint,0001888012,"HilleVax, Inc."
PLRX,2024-07-15,pos,met its primary endpoint,0001746473,"PLIANT THERAPEUTICS, INC."
NRBO,2024-07-16,pos,positive topline results,0001638287,"NeuroBo Pharmaceuticals, Inc."
JNJ,2024-07-17,pos,met its primary endpoint,0000200406,JOHNSON & JOHNSON
JAGX,2024-07-23,neg,did not meet its primary endpoint,0001585608,"Jaguar Health, Inc."
ALKS,2024-07-24,pos,positive topline results,0001520262,Alkermes plc.
SGMO,2024-07-24,pos,positive topline results,0001001233,"SANGAMO THERAPEUTICS, INC"
ABBV,2024-07-25,pos,positive topline results,0001551152,AbbVie Inc.
CORT,2024-07-29,pos,met its primary endpoint,0001088856,CORCEPT THERAPEUTICS INC
INCY,2024-07-30,pos,positive topline results,0000879169,INCYTE CORP
MRK,2024-07-30,pos,positive topline results,0000310158,"Merck & Co., Inc."
IMNN,2024-07-30,pos,positive topline results,0000749647,"Imunon, Inc."
EOLS,2024-07-31,pos,positive topline results,0001570562,"Evolus, Inc."
SAGE,2024-07-31,pos,met its primary endpoint,0001597553,"Sage Therapeutics, Inc."
RARE,2024-08-01,pos,positive topline results,0001515673,Ultragenyx Pharmaceutical Inc.
SNDX,2024-08-01,pos,positive topline results,0001395937,Syndax Pharmaceuticals Inc
ALNY,2024-08-01,pos,positive topline results,0001178670,"ALNYLAM PHARMACEUTICALS, INC."
AQST,2024-08-06,pos,positive topline results,0001398733,"Aquestive Therapeutics, Inc."
SGMO,2024-08-06,pos,positive topline results,0001001233,"SANGAMO THERAPEUTICS, INC"
AMGN,2024-08-06,pos,positive topline results,0000318154,AMGEN INC
BTAI,2024-08-06,pos,positive topline results,0001720893,"BioXcel Therapeutics, Inc."
MIRM,2024-08-07,pos,positive topline results,0001759425,"Mirum Pharmaceuticals, Inc."
MLTX,2024-08-07,pos,met its primary endpoint,0001821586,MoonLake Immunotherapeutics
LLY,2024-08-08,pos,positive topline results,0000059478,ELI LILLY & Co
RNAC,2024-08-08,pos,positive topline results,0001453687,"Cartesian Therapeutics, Inc."
APLS,2024-08-08,pos,positive topline results,0001492422,"Apellis Pharmaceuticals, Inc."
PHAT,2024-08-08,pos,met its primary endpoint,0001783183,"Phathom Pharmaceuticals, Inc."
QTRX,2024-08-08,pos,positive topline results,0001503274,Quanterix Corp
XERS,2024-08-08,pos,positive topline results,0001867096,"Xeris Biopharma Holdings, Inc."
GILD,2024-08-08,neg,did not meet its primary endpoint,0000882095,"GILEAD SCIENCES, INC."
INSM,2024-08-08,pos,met its primary endpoint,0001104506,INSMED Inc
RPRX,2024-08-08,pos,met its primary endpoint,0001802768,Royalty Pharma plc
NTLA,2024-08-08,pos,positive topline results,0001652130,"Intellia Therapeutics, Inc."
CLSD,2024-08-12,pos,positive topline results,0001539029,"Clearside Biomedical, Inc."
SCPH,2024-08-12,pos,positive topline results,0001604950,scPharmaceuticals Inc.
URGN,2024-08-13,pos,met its primary endpoint,0001668243,UroGen Pharma Ltd.
IMNN,2024-08-14,pos,positive topline results,0000749647,"Imunon, Inc."
PLX,2024-08-14,pos,positive topline results,0001006281,"Protalix BioTherapeutics, Inc."
SIGA,2024-08-15,neg,did not meet its primary endpoint,0001010086,SIGA TECHNOLOGIES INC
NBIX,2024-08-28,pos,met its primary endpoint,0000914475,NEUROCRINE BIOSCIENCES INC
ATHA,2024-09-03,neg,did not meet its primary endpoint,0001620463,"Athira Pharma, Inc."
PCVX,2024-09-03,pos,positive topline results,0001649094,"Vaxcyte, Inc."
RXRX,2024-09-03,pos,met its primary endpoint,0001601830,"RECURSION PHARMACEUTICALS, INC."
ROIV,2024-09-18,pos,positive topline results,0001635088,Roivant Sciences Ltd.
RZLT,2024-09-19,pos,positive topline results,0001509261,"Rezolute, Inc."
BHVN,2024-09-23,pos,positive topline results,0001935979,Biohaven Ltd.
SRRK,2024-10-07,pos,positive topline results,0001727196,Scholar Rock Holding Corp
NRBO,2024-10-07,pos,positive topline results,0001638287,"NeuroBo Pharmaceuticals, Inc."
CLSD,2024-10-09,pos,positive topline results,0001539029,"Clearside Biomedical, Inc."
ANRO,2024-10-22,neg,did not meet its primary endpoint,0001999480,"Alto Neuroscience, Inc."
AQST,2024-10-24,pos,positive topline results,0001398733,"Aquestive Therapeutics, Inc."
MNPR,2024-10-24,pos,met its primary endpoint,0001645469,Monopar Therapeutics
INCY,2024-10-29,pos,positive topline results,0000879169,INCYTE CORP
SPRO,2024-10-29,neg,did not meet its primary endpoint,0001701108,"Spero Therapeutics, Inc."
GLYC,2024-10-29,neg,did not meet its primary endpoint,0001253689,GLYCOMIMETICS INC
PFE,2024-10-29,pos,positive topline results,0000078003,PFIZER INC
CORT,2024-10-30,pos,met its primary endpoint,0001088856,CORCEPT THERAPEUTICS INC
NBIX,2024-10-30,neg,did not meet its primary endpoint,0000914475,NEUROCRINE BIOSCIENCES INC
ABBV,2024-10-30,pos,positive topline results,0001551152,AbbVie Inc.
LLY,2024-10-30,pos,positive topline results,0000059478,ELI LILLY & Co
AQST,2024-11-04,pos,positive topline results,0001398733,"Aquestive Therapeutics, Inc."
SNDX,2024-11-05,pos,met its primary endpoint,0001395937,Syndax Pharmaceuticals Inc
ITCI,2024-11-05,pos,positive topline results,0001567514,"Intra-Cellular Therapies, Inc."
PCVX,2024-11-05,pos,positive topline results,0001649094,"Vaxcyte, Inc."
RARE,2024-11-05,pos,positive topline results,0001515673,Ultragenyx Pharmaceutical Inc.
LNTH,2024-11-06,pos,met its primary endpoint,0001521036,"Lantheus Holdings, Inc."
PRAX,2024-11-06,pos,positive topline results,0001689548,"Praxis Precision Medicines, Inc."
RXRX,2024-11-06,pos,met its primary endpoint,0001601830,"RECURSION PHARMACEUTICALS, INC."
URGN,2024-11-06,pos,met its primary endpoint,0001668243,UroGen Pharma Ltd.
RPRX,2024-11-06,pos,met its primary endpoint,0001802768,Royalty Pharma plc
GILD,2024-11-06,neg,did not meet its primary endpoint,0000882095,"GILEAD SCIENCES, INC."
AVIR,2024-11-07,neg,did not meet its primary endpoint,0001593899,"Atea Pharmaceuticals, Inc."
LPCN,2024-11-07,pos,met its primary endpoint,0001535955,Lipocine Inc.
MLTX,2024-11-07,pos,met its primary endpoint,0001821586,MoonLake Immunotherapeutics
RNAC,2024-11-07,pos,positive topline results,0001453687,"Cartesian Therapeutics, Inc."
SIGA,2024-11-07,neg,did not meet its primary endpoint,0001010086,SIGA TECHNOLOGIES INC
VTYX,2024-11-07,pos,positive topline results,0001851194,"Ventyx Biosciences, Inc."
MNKD,2024-11-07,pos,positive topline results,0000899460,MANNKIND CORP
IMNN,2024-11-07,pos,positive topline results,0000749647,"Imunon, Inc."
BNOX,2024-11-08,pos,met its primary endpoint,0001191070,BIONOMICS LIMITED/FI
ATOS,2024-11-12,pos,positive topline results,0001488039,"ATOSSA THERAPEUTICS, INC."
BHVN,2024-11-12,pos,positive topline results,0001935979,Biohaven Ltd.
CLSD,2024-11-12,pos,positive topline results,0001539029,"Clearside Biomedical, Inc."
SNDX,2024-11-12,pos,positive topline results,0001395937,Syndax Pharmaceuticals Inc
MIST,2024-11-12,pos,met its primary endpoint,0001408443,Milestone Pharmaceuticals Inc.
AXSM,2024-11-12,pos,positive topline results,0001579428,"Axsome Therapeutics, Inc."
MIRM,2024-11-12,pos,positive topline results,0001759425,"Mirum Pharmaceuticals, Inc."
SGMO,2024-11-12,pos,met its primary endpoint,0001001233,"SANGAMO THERAPEUTICS, INC"
ZLAB,2024-11-12,pos,positive topline results,0001704292,Zai Lab Ltd
SYRS,2024-11-13,neg,did not meet its primary endpoint,0001556263,"Syros Pharmaceuticals, Inc."
SPRO,2024-11-14,neg,did not meet its primary endpoint,0001701108,"Spero Therapeutics, Inc."
PHGE,2024-11-14,pos,positive topline results,0001739174,BiomX Inc.
PTGX,2024-11-18,pos,positive topline results,0001377121,"Protagonist Therapeutics, Inc"
ADIL,2024-11-18,pos,positive topline results,0001513525,"ADIAL PHARMACEUTICALS, INC."
SAGE,2024-11-20,neg,did not meet its primary endpoint,0001597553,"Sage Therapeutics, Inc."
ENTA,2024-11-25,pos,positive topline results,0001177648,ENANTA PHARMACEUTICALS INC
BBIO,2024-11-25,pos,met its primary endpoint,0001743881,"BridgeBio Pharma, Inc."
ALEC,2024-11-25,neg,failed to meet the primary endpoint,0001653087,"Alector, Inc."
CRVO,2024-11-27,pos,positive topline results,0001053691,CervoMed Inc.
NRBO,2024-11-29,pos,positive topline results,0001638287,MetaVia Inc.
RNAC,2024-12-03,pos,met its primary endpoint,0001453687,"Cartesian Therapeutics, Inc."
ROIV,2024-12-03,neg,failed to meet the primary endpoint,0001635088,Roivant Sciences Ltd.
ENTA,2024-12-09,pos,positive topline results,0001177648,ENANTA PHARMACEUTICALS INC
SLRN,2024-12-10,neg,did not meet its primary endpoint,0001962918,"ACELYRIN, Inc."
QTTB,2024-12-11,neg,did not meet its primary endpoint,0001661998,Q32 Bio Inc.
ANNX,2024-12-16,pos,positive topline results,0001528115,"Annexon, Inc."
EWTX,2024-12-16,pos,positive topline results,0001710072,"Edgewise Therapeutics, Inc."
OMER,2024-12-19,pos,met its primary endpoint,0001285819,OMEROS CORP
BMEA,2024-12-20,pos,positive topline results,0001840439,"Biomea Fusion, Inc."
CRNX,2025-01-10,pos,positive topline results,0001658247,"Crinetics Pharmaceuticals, Inc."
ALEC,2025-01-10,neg,did not meet its primary endpoint,0001653087,"Alector, Inc."
INSM,2025-01-10,pos,positive topline results,0001104506,INSMED Inc
CADL,2025-01-13,pos,met its primary endpoint,0001841387,"Candel Therapeutics, Inc."
RARE,2025-01-13,pos,positive topline results,0001515673,Ultragenyx Pharmaceutical Inc.
MIRM,2025-01-13,pos,positive topline results,0001759425,"Mirum Pharmaceuticals, Inc."
PTCT,2025-01-13,neg,did not meet its primary endpoint,0001070081,"PTC THERAPEUTICS, INC."
ITCI,2025-01-13,pos,positive topline results,0001567514,"Intra-Cellular Therapies, Inc."
EXEL,2025-01-13,pos,met its primary endpoint,0000939767,"EXELIXIS, INC."
SRRK,2025-01-13,pos,positive topline results,0001727196,Scholar Rock Holding Corp
CRNX,2025-01-14,pos,positive topline results,0001658247,"Crinetics Pharmaceuticals, Inc."
OMER,2025-01-16,pos,met its primary endpoint,0001285819,OMEROS CORP
IXHL,2025-01-23,pos,positive topline results,0001873875,Incannex Healthcare Inc.
CGEM,2025-01-29,pos,met its primary endpoint,0001789972,"Cullinan Therapeutics, Inc."
PRAX,2025-01-29,pos,positive topline results,0001689548,"Praxis Precision Medicines, Inc."
IKT,2025-01-29,pos,met its primary endpoint,0001750149,"Inhibikase Therapeutics, Inc."
ABBV,2025-01-31,pos,positive topline results,0001551152,AbbVie Inc.
PFE,2025-02-04,pos,positive topline results,0000078003,PFIZER INC
MRK,2025-02-04,pos,positive topline results,0000310158,"Merck & Co., Inc."
KURA,2025-02-05,pos,positive topline results,0001422143,"Kura Oncology, Inc."
EYPT,2025-02-05,pos,positive topline results,0001314102,"EyePoint Pharmaceuticals, Inc."
LLY,2025-02-06,pos,positive topline results,0000059478,ELI LILLY & Co
INSM,2025-02-06,pos,met its primary endpoint,0001104506,INSMED Inc
TNXP,2025-02-06,pos,positive topline results,0001430306,Tonix Pharmaceuticals Holding Corp.
ARWR,2025-02-10,pos,met its primary endpoint,0000879407,"ARROWHEAD PHARMACEUTICALS, INC."
GRCE,2025-02-10,pos,met its primary endpoint,0001444192,"Grace Therapeutics, Inc."
INCY,2025-02-10,pos,met its primary endpoint,0000879169,INCYTE CORP
VRTX,2025-02-10,pos,met its primary endpoint,0000875320,VERTEX PHARMACEUTICALS INC / MA
AGIO,2025-02-13,pos,positive topline results,0001439222,"AGIOS PHARMACEUTICALS, INC."
GRCE,2025-02-13,pos,met its primary endpoint,0001444192,"Grace Therapeutics, Inc."
VERU,2025-02-13,pos,positive topline results,0000863894,VERU INC.
RARE,2025-02-13,pos,positive topline results,0001515673,Ultragenyx Pharmaceutical Inc.
SUPN,2025-02-18,neg,did not meet its primary endpoint,0001356576,"SUPERNUS PHARMACEUTICALS, INC."
AXSM,2025-02-18,pos,positive topline results,0001579428,"Axsome Therapeutics, Inc."
OMER,2025-02-20,pos,met its primary endpoint,0001285819,OMEROS CORP
INSM,2025-02-20,pos,positive topline results,0001104506,INSMED Inc
PTGX,2025-02-21,pos,positive topline results,0001377121,"Protagonist Therapeutics, Inc"
PCVX,2025-02-25,pos,positive topline results,0001649094,"Vaxcyte, Inc."
KURA,2025-02-26,pos,positive topline results,0001422143,"Kura Oncology, Inc."
CGTX,2025-02-26,pos,met its primary endpoint,0001455365,COGNITION THERAPEUTICS INC
ALEC,2025-02-26,neg,did not meet its primary endpoint,0001653087,"Alector, Inc."
MLTX,2025-02-26,pos,met its primary endpoint,0001821586,MoonLake Immunotherapeutics
CORT,2025-02-26,neg,did not meet its primary endpoint,0001088856,CORCEPT THERAPEUTICS INC
CLDX,2025-02-27,pos,positive topline results,0000744218,"Celldex Therapeutics, Inc."
PHGE,2025-02-27,pos,positive topline results,0001739174,BiomX Inc.
SRRK,2025-02-27,pos,positive topline results,0001727196,Scholar Rock Holding Corp
CRNX,2025-02-27,pos,positive topline results,0001658247,"Crinetics Pharmaceuticals, Inc."
ZLAB,2025-02-27,pos,positive topline results,0001704292,Zai Lab Ltd
EWTX,2025-03-03,pos,positive topline results,0001710072,"Edgewise Therapeutics, Inc."
BHVN,2025-03-03,pos,positive topline results,0001935979,Biohaven Ltd.
PTGX,2025-03-03,pos,positive topline results,0001377121,"Protagonist Therapeutics, Inc"
TRAW,2025-03-03,pos,positive topline results,0001130598,"Traws Pharma, Inc."
AQST,2025-03-05,pos,positive topline results,0001398733,"Aquestive Therapeutics, Inc."
MLYS,2025-03-10,pos,positive topline results,0001933414,"Mineralys Therapeutics, Inc."
PTGX,2025-03-10,pos,positive topline results,0001377121,"Protagonist Therapeutics, Inc"
TRVI,2025-03-10,pos,positive topline results,0001563880,"Trevi Therapeutics, Inc."
PTGX,2025-03-11,pos,positive topline results,0001377121,"Protagonist Therapeutics, Inc"
ARVN,2025-03-11,pos,positive topline results,0001655759,"ARVINAS, INC."
SGMT,2025-03-12,pos,positive topline results,0001400118,Sagimet Biosciences Inc.
RGLS,2025-03-13,pos,positive topline results,0001505512,Regulus Therapeutics Inc.
CADL,2025-03-13,pos,met its primary endpoint,0001841387,"Candel Therapeutics, Inc."
MBX,2025-03-17,pos,positive topline results,0001776111,"MBX Biosciences, Inc."
TNXP,2025-03-18,pos,positive topline results,0001430306,Tonix Pharmaceuticals Holding Corp.
TRVI,2025-03-18,pos,positive topline results,0001563880,"Trevi Therapeutics, Inc."
ROIV,2025-03-19,pos,met its primary endpoint,0001635088,Roivant Sciences Ltd.
IMVT,2025-03-19,pos,met its primary endpoint,0001764013,"Immunovant, Inc."
TRAW,2025-03-24,pos,positive topline results,0001130598,"Traws Pharma, Inc."
TNXP,2025-03-24,pos,positive topline results,0001430306,Tonix Pharmaceuticals Holding Corp.
PHGE,2025-03-25,pos,positive topline results,0001739174,BiomX Inc.
KZR,2025-03-25,pos,positive topline results,0001645666,"Kezar Life Sciences, Inc."
RGLS,2025-03-27,pos,positive topline results,0001505512,Regulus Therapeutics Inc.
SPRO,2025-03-27,neg,did not meet its primary endpoint,0001701108,"Spero Therapeutics, Inc."
KOD,2025-03-27,pos,met its primary endpoint,0001468748,Kodiak Sciences Inc.
RANI,2025-03-31,pos,positive topline results,0001856725,"Rani Therapeutics Holdings, Inc."
CORT,2025-03-31,pos,met its primary endpoint,0001088856,CORCEPT THERAPEUTICS INC
MNPR,2025-03-31,pos,met its primary endpoint,0001645469,Monopar Therapeutics
PTN,2025-03-31,pos,positive topline results,0000911216,PALATIN TECHNOLOGIES INC
TRAW,2025-03-31,pos,positive topline results,0001130598,"Traws Pharma, Inc."
PHGE,2025-03-31,pos,positive topline results,0001739174,BiomX Inc.
PCVX,2025-03-31,pos,positive topline results,0001649094,"Vaxcyte, Inc."
CMPX,2025-04-01,pos,met its primary endpoint,0001738021,"Compass Therapeutics, Inc."
AQST,2025-04-01,pos,positive topline results,0001398733,"Aquestive Therapeutics, Inc."
MLTX,2025-04-03,pos,met its primary endpoint,0001821586,MoonLake Immunotherapeutics
RYTM,2025-04-07,pos,positive topline results,0001649904,"RHYTHM PHARMACEUTICALS, INC."
RNAC,2025-04-08,pos,met its primary endpoint,0001453687,"Cartesian Therapeutics, Inc."
GRCE,2025-04-09,pos,met its primary endpoint,0001444192,"Grace Therapeutics, Inc."
SMMT,2025-04-23,pos,met its primary endpoint,0001599298,Summit Therapeutics Inc.
INCY,2025-04-29,pos,positive topline results,0000879169,INCYTE CORP
PFE,2025-04-29,pos,met its primary endpoint,0000078003,PFIZER INC
AMGN,2025-05-01,pos,met its primary endpoint,0000318154,AMGEN INC
SMMT,2025-05-01,pos,met its primary endpoint,0001599298,Summit Therapeutics Inc.
KURA,2025-05-01,pos,positive topline results,0001422143,"Kura Oncology, Inc."
ARVN,2025-05-01,pos,positive topline results,0001655759,"ARVINAS, INC."
AGIO,2025-05-01,pos,positive topline results,0001439222,"AGIOS PHARMACEUTICALS, INC."
ANTX,2025-05-01,neg,did not meet its primary endpoint,0001880438,"AN2 Therapeutics, Inc."
AXSM,2025-05-05,pos,positive topline results,0001579428,"Axsome Therapeutics, Inc."
PTCT,2025-05-05,pos,met its primary endpoint,0001070081,"PTC THERAPEUTICS, INC."
PTGX,2025-05-06,pos,positive topline results,0001377121,"Protagonist Therapeutics, Inc"
RYTM,2025-05-07,pos,met its primary endpoint,0001649904,"RHYTHM PHARMACEUTICALS, INC."
PCVX,2025-05-07,pos,positive topline results,0001649094,"Vaxcyte, Inc."
RGLS,2025-05-08,pos,positive topline results,0001505512,Regulus Therapeutics Inc.
EWTX,2025-05-08,pos,positive topline results,0001710072,"Edgewise Therapeutics, Inc."
TRVI,2025-05-08,pos,positive topline results,0001563880,"Trevi Therapeutics, Inc."
RPRX,2025-05-08,pos,positive topline results,0001802768,Royalty Pharma plc
VERU,2025-05-08,pos,positive topline results,0000863894,VERU INC.
MLTX,2025-05-12,pos,met its primary endpoint,0001821586,MoonLake Immunotherapeutics
MLYS,2025-05-12,pos,positive topline results,0001933414,"Mineralys Therapeutics, Inc."
ARWR,2025-05-12,pos,met its primary endpoint,0000879407,"ARROWHEAD PHARMACEUTICALS, INC."
TNXP,2025-05-12,pos,positive topline results,0001430306,Tonix Pharmaceuticals Holding Corp.
SPRO,2025-05-13,neg,did not meet its primary endpoint,0001701108,"Spero Therapeutics, Inc."
KOD,2025-05-14,pos,met its primary endpoint,0001468748,Kodiak Sciences Inc.
IXHL,2025-05-15,pos,positive topline results,0001873875,Incannex Healthcare Inc.
PHGE,2025-05-15,pos,positive topline results,0001739174,BiomX Inc.
RGNX,2025-05-19,pos,met its primary endpoint,0001590877,REGENXBIO Inc.
ARMP,2025-05-19,pos,positive topline results,0000921114,"Armata Pharmaceuticals, Inc."
IONS,2025-05-19,pos,positive topline results,0000874015,IONIS PHARMACEUTICALS INC
TRML,2025-05-20,pos,positive topline results,0001827506,"Tourmaline Bio, Inc."
CADL,2025-05-22,pos,met its primary endpoint,0001841387,"Candel Therapeutics, Inc."
GYRE,2025-05-22,pos,met its primary endpoint,0001124105,"GYRE THERAPEUTICS, INC."
PRTA,2025-05-23,neg,did not meet its primary endpoint,0001559053,PROTHENA CORP PUBLIC LTD CO
CADL,2025-05-28,pos,met its primary endpoint,0001841387,"Candel Therapeutics, Inc."
SPRO,2025-05-28,pos,met its primary endpoint,0001701108,"Spero Therapeutics, Inc."
IMVT,2025-05-29,pos,met its primary endpoint,0001764013,"Immunovant, Inc."
ROIV,2025-05-29,pos,met its primary endpoint,0001635088,Roivant Sciences Ltd.
TRVI,2025-06-02,pos,positive topline results,0001563880,"Trevi Therapeutics, Inc."
ACTU,2025-06-02,pos,met its primary endpoint,0001652935,"ACTUATE THERAPEUTICS, INC."
KURA,2025-06-03,pos,positive topline results,0001422143,"Kura Oncology, Inc."
MBRX,2025-06-04,pos,positive topline results,0001659617,"Moleculin Biotech, Inc."
INSM,2025-06-10,pos,positive topline results,0001104506,INSMED Inc
VXRT,2025-06-11,pos,positive topline results,0000072444,"Vaxart, Inc."
MLYS,2025-06-17,pos,positive topline results,0001933414,"Mineralys Therapeutics, Inc."
KURA,2025-06-18,pos,positive topline results,0001422143,"Kura Oncology, Inc."
GRCE,2025-06-23,pos,met its primary endpoint,0001444192,"Grace Therapeutics, Inc."
CDTX,2025-06-23,pos,positive topline results,0001610618,"Cidara Therapeutics, Inc."
NKTR,2025-06-24,pos,met its primary endpoint,0000906709,NEKTAR THERAPEUTICS
SGMO,2025-06-24,pos,positive topline results,0001001233,"SANGAMO THERAPEUTICS, INC"
ASMB,2025-06-25,pos,positive topline results,0001426800,"ASSEMBLY BIOSCIENCES, INC."
GRCE,2025-06-25,pos,met its primary endpoint,0001444192,"Grace Therapeutics, Inc."
ALT,2025-06-26,pos,positive topline results,0001326190,"Altimmune, Inc."
CLRB,2025-06-26,pos,met its primary endpoint,0001279704,"Cellectar Biosciences, Inc."
IRD,2025-06-26,pos,positive topline results,0001228627,"Opus Genetics, Inc."
ATAI,2025-07-01,pos,positive topline results,0001840904,ATAI Life Sciences N.V.
APGE,2025-07-07,pos,met its primary endpoint,0001974640,"Apogee Therapeutics, Inc."
PHGE,2025-07-08,pos,positive topline results,0001739174,BiomX Inc.
PROK,2025-07-08,pos,positive topline results,0001850270,PROKIDNEY CORP.
RYTM,2025-07-09,pos,positive topline results,0001649904,"RHYTHM PHARMACEUTICALS, INC."
PROK,2025-07-15,pos,positive topline results,0001850270,PROKIDNEY CORP.
ALKS,2025-07-21,pos,positive topline results,0001520262,Alkermes plc.
EXEL,2025-07-28,pos,positive topline results,0000939767,"EXELIXIS, INC."
INCY,2025-07-29,pos,positive topline results,0000879169,INCYTE CORP
ALKS,2025-07-29,pos,positive topline results,0001520262,Alkermes plc.
MRK,2025-07-29,pos,positive topline results,0000310158,"Merck & Co., Inc."
VYNE,2025-07-30,neg,did not meet its primary endpoint,0001566044,VYNE Therapeutics Inc.
IXHL,2025-07-30,pos,positive topline results,0001873875,Incannex Healthcare Inc.
IONS,2025-07-30,pos,positive topline results,0000874015,IONIS PHARMACEUTICALS INC
ABBV,2025-07-31,pos,positive topline results,0001551152,AbbVie Inc.
CORT,2025-07-31,neg,did not meet its primary endpoint,0001088856,CORCEPT THERAPEUTICS INC
AXSM,2025-08-04,pos,positive topline results,0001579428,"Axsome Therapeutics, Inc."
MLTX,2025-08-05,pos,met its primary endpoint,0001821586,MoonLake Immunotherapeutics
AMGN,2025-08-05,pos,met its primary endpoint,0000318154,AMGEN INC
PFE,2025-08-05,pos,positive topline results,0000078003,PFIZER INC
PCVX,2025-08-06,pos,positive topline results,0001649094,"Vaxcyte, Inc."
SRRK,2025-08-06,pos,positive topline results,0001727196,Scholar Rock Holding Corp
RPRX,2025-08-06,pos,positive topline results,0001802768,Royalty Pharma plc
ZLAB,2025-08-07,pos,met its primary endpoint,0001704292,Zai Lab Ltd
AMLX,2025-08-07,pos,positive topline results,0001658551,"Amylyx Pharmaceuticals, Inc."
LLY,2025-08-07,pos,met its primary endpoint,0000059478,ELI LILLY & Co
GILD,2025-08-07,pos,positive topline results,0000882095,"GILEAD SCIENCES, INC."
INSM,2025-08-07,pos,met its primary endpoint,0001104506,INSMED Inc
CGTX,2025-08-07,pos,positive topline results,0001455365,COGNITION THERAPEUTICS INC
CYTK,2025-08-07,pos,positive topline results,0001061983,CYTOKINETICS INC
TRVI,2025-08-07,pos,positive topline results,0001563880,"Trevi Therapeutics, Inc."
VTRS,2025-08-07,neg,did not meet its primary endpoint,0001792044,Viatris Inc
SGMO,2025-08-07,pos,positive topline results,0001001233,"SANGAMO THERAPEUTICS, INC"
TOVX,2025-08-11,pos,positive topline results,0000894158,"Theriva Biologics, Inc."
APGE,2025-08-11,pos,met its primary endpoint,0001974640,"Apogee Therapeutics, Inc."
SMMT,2025-08-11,pos,met its primary endpoint,0001599298,Summit Therapeutics Inc.
ARMP,2025-08-12,pos,positive topline results,0000921114,"Armata Pharmaceuticals, Inc."
PROK,2025-08-12,pos,positive topline results,0001850270,PROKIDNEY CORP.
MLYS,2025-08-12,pos,met its primary endpoint,0001933414,"Mineralys Therapeutics, Inc."
GRCE,2025-08-12,pos,met its primary endpoint,0001444192,"Grace Therapeutics, Inc."
PHGE,2025-08-13,pos,positive topline results,0001739174,BiomX Inc.
KOD,2025-08-13,pos,met its primary endpoint,0001468748,Kodiak Sciences Inc.
IRD,2025-08-13,pos,positive topline results,0001228627,"Opus Genetics, Inc."
TRML,2025-08-13,pos,positive topline results,0001827506,"Tourmaline Bio, Inc."
ATAI,2025-08-14,pos,positive topline results,0001840904,ATAI Life Sciences N.V.
IONS,2025-08-21,pos,met its primary endpoint,0000874015,IONIS PHARMACEUTICALS INC
DVAX,2025-08-21,pos,positive topline results,0001029142,DYNAVAX TECHNOLOGIES CORP
TBPH,2025-08-25,neg,did not meet its primary endpoint,0001583107,"Theravance Biopharma, Inc."
GRCE,2025-08-27,pos,met its primary endpoint,0001444192,"Grace Therapeutics, Inc."
BTAI,2025-08-27,pos,met its primary endpoint,0001720893,"BioXcel Therapeutics, Inc."
OTLK,2025-09-02,pos,met its primary endpoint,0001649989,"Outlook Therapeutics, Inc."
UPB,2025-09-02,pos,met its primary endpoint,0002022626,"Upstream Bio, Inc."
IONS,2025-09-02,pos,positive topline results,0000874015,IONIS PHARMACEUTICALS INC
CGEM,2025-09-04,pos,met its primary endpoint,0001789972,"Cullinan Therapeutics, Inc."
RAPP,2025-09-08,pos,positive topline results,0002012593,"Rapport Therapeutics, Inc."
RARE,2025-09-08,pos,met its primary endpoint,0001515673,Ultragenyx Pharmaceutical Inc.
GYRE,2025-09-10,pos,positive topline results,0001124105,"GYRE THERAPEUTICS, INC."
ATYR,2025-09-15,neg,did not meet its primary endpoint,0001339970,aTYR PHARMA INC
GRCE,2025-09-18,pos,met its primary endpoint,0001444192,"Grace Therapeutics, Inc."
IONS,2025-09-22,pos,positive topline results,0000874015,IONIS PHARMACEUTICALS INC
QURE,2025-09-24,pos,positive topline results,0001590560,uniQure N.V.
ENTA,2025-09-29,pos,positive topline results,0001177648,ENANTA PHARMACEUTICALS INC
MLTX,2025-09-29,pos,met its primary endpoint,0001821586,MoonLake Immunotherapeutics
ATAI,2025-09-29,pos,positive topline results,0001840904,ATAI Life Sciences N.V.
INMB,2025-09-30,neg,did not meet its primary endpoint,0001711754,"Inmune Bio, Inc."
OVID,2025-10-03,pos,positive topline results,0001636651,Ovid Therapeutics Inc.
SKYE,2025-10-06,neg,did not meet its primary endpoint,0001516551,"Skye Bioscience, Inc."
ATAI,2025-10-16,pos,positive topline results,0001840904,ATAI Life Sciences N.V.
PRAX,2025-10-16,pos,positive topline results,0001689548,"Praxis Precision Medicines, Inc."
NEUP,2025-10-20,neg,did not meet its primary endpoint,0001191070,Neuphoria Therapeutics Inc.
SMMT,2025-10-20,pos,met its primary endpoint,0001599298,Summit Therapeutics Inc.
VTYX,2025-10-22,pos,positive topline results,0001851194,"Ventyx Biosciences, Inc."
INBX,2025-10-23,pos,positive topline results,0002007919,"Inhibrx Biosciences, Inc."
BBIO,2025-10-27,pos,positive topline results,0001743881,"BridgeBio Pharma, Inc."
IONS,2025-10-29,pos,positive topline results,0000874015,IONIS PHARMACEUTICALS INC
BBIO,2025-10-29,pos,positive topline results,0001743881,"BridgeBio Pharma, Inc."
IXHL,2025-10-30,pos,positive topline results,0001873875,Incannex Healthcare Inc.
MRK,2025-10-30,pos,positive topline results,0000310158,"Merck & Co., Inc."
TECX,2025-10-30,pos,positive topline results,0001681087,"Tectonic Therapeutic, Inc."
INMB,2025-10-30,pos,met its primary endpoint,0001711754,"Inmune Bio, Inc."
ABBV,2025-10-31,pos,positive topline results,0001551152,AbbVie Inc.
AXSM,2025-11-03,pos,positive topline results,0001579428,"Axsome Therapeutics, Inc."
MLTX,2025-11-05,pos,met its primary endpoint,0001821586,MoonLake Immunotherapeutics
UPB,2025-11-05,pos,met its primary endpoint,0002022626,"Upstream Bio, Inc."
PRAX,2025-11-05,pos,met its primary endpoint,0001689548,"Praxis Precision Medicines, Inc."
AMLX,2025-11-06,pos,positive topline results,0001658551,"Amylyx Pharmaceuticals, Inc."
VTYX,2025-11-06,pos,met its primary endpoint,0001851194,"Ventyx Biosciences, Inc."
MBX,2025-11-06,pos,positive topline results,0001776111,"MBX Biosciences, Inc."
ATYR,2025-11-06,neg,did not meet its primary endpoint,0001339970,aTYR PHARMA INC
RAPP,2025-11-06,pos,positive topline results,0002012593,"Rapport Therapeutics, Inc."
ZLAB,2025-11-06,pos,met its primary endpoint,0001704292,Zai Lab Ltd
TECX,2025-11-06,pos,positive topline results,0001681087,"Tectonic Therapeutic, Inc."
APGE,2025-11-10,pos,met its primary endpoint,0001974640,"Apogee Therapeutics, Inc."
ALKS,2025-11-12,pos,positive topline results,0001520262,Alkermes plc.
PHGE,2025-11-12,pos,positive topline results,0001739174,BiomX Inc.
OVID,2025-11-12,pos,positive topline results,0001636651,Ovid Therapeutics Inc.
ATAI,2025-11-12,pos,positive topline results,0001840904,Atai Beckley N.V.
GRCE,2025-11-13,pos,met its primary endpoint,0001444192,"Grace Therapeutics, Inc."
VXRT,2025-11-13,pos,positive topline results,0000072444,"Vaxart, Inc."
SPRO,2025-11-13,pos,met its primary endpoint,0001701108,"Spero Therapeutics, Inc."
KOD,2025-11-13,pos,met its primary endpoint,0001468748,Kodiak Sciences Inc.
INBX,2025-11-14,pos,positive topline results,0002007919,"Inhibrx Biosciences, Inc."
ZYME,2025-11-17,pos,positive topline results,0001937653,Zymeworks Inc.
ZYME,2025-11-18,pos,positive topline results,0001937653,Zymeworks Inc.
ARWR,2025-11-18,pos,met its primary endpoint,0000879407,"ARROWHEAD PHARMACEUTICALS, INC."
AVXL,2025-11-25,pos,positive topline results,0001314052,ANAVEX LIFE SCIENCES CORP.
FENC,2025-12-02,pos,positive topline results,0001211583,FENNEC PHARMACEUTICALS INC.
CAPR,2025-12-03,pos,positive topline results,0001133869,"CAPRICOR THERAPEUTICS, INC."
DYN,2025-12-08,pos,positive topline results,0001818794,"Dyne Therapeutics, Inc."
GRI,2025-12-08,pos,met its primary endpoint,0001824293,"GRI Bio, Inc."
GRI,2025-12-10,pos,met its primary endpoint,0001824293,"GRI Bio, Inc."
ROIV,2025-12-11,pos,positive topline results,0001635088,Roivant Sciences Ltd.
IMNM,2025-12-15,pos,positive topline results,0001472012,Immunome Inc.
PVLA,2025-12-15,pos,positive topline results,0001583648,"PALVELLA THERAPEUTICS, INC."
ALT,2025-12-19,pos,positive topline results,0001326190,"Altimmune, Inc."
CORT,2025-12-31,pos,met its primary endpoint,0001088856,CORCEPT THERAPEUTICS INC
GYRE,2026-01-05,pos,met its primary endpoint,0001124105,"GYRE THERAPEUTICS, INC."
ZBIO,2026-01-05,pos,met its primary endpoint,0001953926,"Zenas BioPharma, Inc."
CRNX,2026-01-05,pos,positive topline results,0001658247,"Crinetics Pharmaceuticals, Inc."
MLYS,2026-01-06,pos,met its primary endpoint,0001933414,"Mineralys Therapeutics, Inc."
ALMS,2026-01-06,pos,positive topline results,0001847367,ALUMIS INC.
IONS,2026-01-07,pos,positive topline results,0000874015,IONIS PHARMACEUTICALS INC
MLTX,2026-01-08,pos,met its primary endpoint,0001821586,MoonLake Immunotherapeutics
GRI,2026-01-08,pos,met its primary endpoint,0001824293,"GRI Bio, Inc."
VTGN,2026-01-09,pos,met its primary endpoint,0001411685,"Vistagen Therapeutics, Inc."
DYN,2026-01-12,pos,positive topline results,0001818794,"Dyne Therapeutics, Inc."
PTGX,2026-01-12,pos,positive topline results,0001377121,"Protagonist Therapeutics, Inc"
PTCT,2026-01-12,neg,did not meet its primary endpoint,0001070081,"PTC THERAPEUTICS, INC."
ACTU,2026-01-12,pos,met its primary endpoint,0001652935,"ACTUATE THERAPEUTICS, INC."
IONS,2026-01-12,pos,positive topline results,0000874015,IONIS PHARMACEUTICALS INC
CORT,2026-01-22,pos,met its primary endpoint,0001088856,CORCEPT THERAPEUTICS INC
INMB,2026-01-27,neg,did not meet its primary endpoint,0001711754,"Inmune Bio, Inc."
GRI,2026-01-28,pos,met its primary endpoint,0001824293,"GRI Bio, Inc."
SGMT,2026-02-02,pos,positive topline results,0001400118,Sagimet Biosciences Inc.
MRK,2026-02-03,pos,positive topline results,0000310158,"Merck & Co., Inc."
PFE,2026-02-03,pos,positive topline results,0000078003,PFIZER INC
LLY,2026-02-04,pos,met its primary endpoint,0000059478,ELI LILLY & Co
INCY,2026-02-10,pos,positive topline results,0000879169,INCYTE CORP
EVMN,2026-02-10,pos,met its primary endpoint,0002044725,"Evommune, Inc."
GILD,2026-02-10,neg,did not meet its primary endpoint,0000882095,"GILEAD SCIENCES, INC."
RPRX,2026-02-11,pos,met its primary endpoint,0001802768,Royalty Pharma plc
UPB,2026-02-11,pos,met its primary endpoint,0002022626,"Upstream Bio, Inc."
GRCE,2026-02-12,pos,met its primary endpoint,0001444192,"Grace Therapeutics, Inc."
BBIO,2026-02-12,pos,positive topline results,0001743881,"BridgeBio Pharma, Inc."
HIND,2026-02-13,pos,met its primary endpoint,0001427570,"Vyome Holdings, Inc"
PRAX,2026-02-19,pos,positive topline results,0001689548,"Praxis Precision Medicines, Inc."
INSM,2026-02-19,pos,positive topline results,0001104506,INSMED Inc
MLTX,2026-02-23,pos,positive topline results,0001821586,MoonLake Immunotherapeutics
VTYX,2026-02-23,pos,positive topline results,0001851194,"Ventyx Biosciences, Inc."
PVLA,2026-02-24,pos,positive topline results,0001583648,"PALVELLA THERAPEUTICS, INC."
PCVX,2026-02-24,pos,positive topline results,0001649094,"Vaxcyte, Inc."
CVKD,2026-02-24,neg,did not meet its primary endpoint,0001937993,"Cadrenal Therapeutics, Inc."
BBIO,2026-02-24,pos,positive topline results,0001743881,"BridgeBio Pharma, Inc."
ARQT,2026-02-25,pos,positive topline results,0001787306,"Arcutis Biotherapeutics, Inc."
TECX,2026-02-26,pos,positive topline results,0001681087,"Tectonic Therapeutic, Inc."
ZLAB,2026-02-26,pos,met its primary endpoint,0001704292,Zai Lab Ltd
ZYME,2026-03-02,pos,positive topline results,0001937653,Zymeworks Inc.
UTHR,2026-03-02,pos,met its primary endpoint,0001082554,UNITED THERAPEUTICS Corp
DYN,2026-03-02,pos,positive topline results,0001818794,"Dyne Therapeutics, Inc."
TBPH,2026-03-03,neg,did not meet its primary endpoint,0001583107,"Theravance Biopharma, Inc."
IMNM,2026-03-03,pos,positive topline results,0001472012,Immunome Inc.
ATYR,2026-03-05,neg,did not meet its primary endpoint,0001339970,aTYR PHARMA INC
EVMN,2026-03-05,pos,met its primary endpoint,0002044725,"Evommune, Inc."
XENE,2026-03-09,pos,positive topline results,0001582313,Xenon Pharmaceuticals Inc.
CTXR,2026-03-10,pos,positive topline results,0001506251,"Citius Pharmaceuticals, Inc."
CTOR,2026-03-10,pos,positive topline results,0001851484,"CITIUS ONCOLOGY, INC."
SGMT,2026-03-11,pos,positive topline results,0001400118,Sagimet Biosciences Inc.
CAPR,2026-03-12,pos,positive topline results,0001133869,"CAPRICOR THERAPEUTICS, INC."
GPCR,2026-03-16,pos,positive topline results,0001888886,Structure Therapeutics Inc.
VTGN,2026-03-16,pos,met its primary endpoint,0001411685,"Vistagen Therapeutics, Inc."
ZBIO,2026-03-16,pos,met its primary endpoint,0001953926,"Zenas BioPharma, Inc."
ALMS,2026-03-19,pos,positive topline results,0001847367,ALUMIS INC.
RYTM,2026-03-20,pos,met its primary endpoint,0001649904,"RHYTHM PHARMACEUTICALS, INC."
INSM,2026-03-23,pos,positive topline results,0001104506,INSMED Inc
FENC,2026-03-24,pos,positive topline results,0001211583,FENNEC PHARMACEUTICALS INC.
RZLT,2026-03-24,neg,did not meet its primary endpoint,0001509261,"Rezolute, Inc."
KOD,2026-03-27,pos,positive topline results,0001468748,Kodiak Sciences Inc.
VRDN,2026-03-30,pos,positive topline results,0001590750,"Viridian Therapeutics, Inc.\DE"
SGMO,2026-03-30,pos,positive topline results,0001001233,"SANGAMO THERAPEUTICS, INC"
CNTB,2026-03-31,pos,positive topline results,0001835268,Connect Biopharma Holdings Ltd
PVLA,2026-03-31,pos,positive topline results,0001583648,"PALVELLA THERAPEUTICS, INC."
CTXR,2026-03-31,pos,positive topline results,0001506251,"Citius Pharmaceuticals, Inc."
KOD,2026-03-31,pos,positive topline results,0001468748,Kodiak Sciences Inc.
CTOR,2026-03-31,pos,positive topline results,0001851484,"CITIUS ONCOLOGY, INC."
PRAX,2026-04-06,pos,positive topline results,0001689548,"Praxis Precision Medicines, Inc."
SYRE,2026-04-13,pos,met its primary endpoint,0001636282,"Spyre Therapeutics, Inc."
IONS,2026-04-21,pos,met its primary endpoint,0000874015,IONIS PHARMACEUTICALS INC
INBX,2026-04-21,pos,met its primary endpoint,0002007919,"Inhibrx Biosciences, Inc."
KYTX,2026-04-22,pos,met its primary endpoint,0001994702,"Kyverna Therapeutics, Inc."
GRCE,2026-04-23,pos,met its primary endpoint,0001444192,"Grace Therapeutics, Inc."
MANE,2026-04-27,pos,positive topline results,0001827635,"Veradermics, Inc"
CMPX,2026-04-27,pos,met its primary endpoint,0001738021,"Compass Therapeutics, Inc."
SGMT,2026-04-27,pos,positive topline results,0001400118,Sagimet Biosciences Inc.
NTLA,2026-04-27,pos,positive topline results,0001652130,"Intellia Therapeutics, Inc."
CRMD,2026-04-27,pos,positive topline results,0001410098,CorMedix Inc.
PTCT,2026-04-28,pos,positive topline results,0001070081,"PTC THERAPEUTICS, INC."
ABBV,2026-04-29,pos,positive topline results,0001551152,AbbVie Inc.
AMGN,2026-04-30,pos,positive topline results,0000318154,AMGEN INC
RZLT,2026-05-04,neg,did not meet its primary endpoint,0001509261,"Rezolute, Inc."
AVTX,2026-05-05,pos,positive topline results,0001534120,"Avalo Therapeutics, Inc."
IDYA,2026-05-05,pos,positive topline results,0001676725,"IDEAYA Biosciences, Inc."
SDGR,2026-05-05,pos,positive topline results,0001490978,"Schrodinger, Inc."
CYTK,2026-05-05,pos,positive topline results,0001061983,CYTOKINETICS INC
VRDN,2026-05-05,pos,positive topline results,0001590750,"Viridian Therapeutics, Inc.\DE"
PFE,2026-05-05,pos,positive topline results,0000078003,PFIZER INC
CTNM,2026-05-05,pos,positive topline results,0001855175,"Contineum Therapeutics, Inc."
RPRX,2026-05-06,pos,positive topline results,0001802768,Royalty Pharma plc
INSM,2026-05-07,pos,positive topline results,0001104506,INSMED Inc
PTCT,2026-05-07,pos,positive topline results,0001070081,"PTC THERAPEUTICS, INC."
BBIO,2026-05-07,pos,positive topline results,0001743881,"BridgeBio Pharma, Inc."
KOD,2026-05-07,pos,positive topline results,0001468748,Kodiak Sciences Inc.
TRDA,2026-05-07,pos,positive topline results,0001689375,"Entrada Therapeutics, Inc."
ZLAB,2026-05-07,pos,met its primary endpoint,0001704292,Zai Lab Ltd
XENE,2026-05-07,pos,met its primary endpoint,0001582313,Xenon Pharmaceuticals Inc.
MLTX,2026-05-11,pos,met its primary endpoint,0001821586,MoonLake Immunotherapeutics
HALO,2026-05-11,pos,positive topline results,0001159036,"HALOZYME THERAPEUTICS, INC."
NTLA,2026-05-11,pos,positive topline results,0001652130,"Intellia Therapeutics, Inc."
IMNM,2026-05-12,pos,positive topline results,0001472012,Immunome Inc.
ALKS,2026-05-12,pos,positive topline results,0001520262,Alkermes plc.
KYTX,2026-05-12,pos,positive topline results,0001994702,"Kyverna Therapeutics, Inc."
CAPR,2026-05-12,pos,met its primary endpoint,0001133869,"CAPRICOR THERAPEUTICS, INC."
MANE,2026-05-12,pos,positive topline results,0001827635,"Veradermics, Inc"
ZBIO,2026-05-13,pos,met its primary endpoint,0001953926,"Zenas BioPharma, Inc."
AVTX,2026-05-13,pos,positive topline results,0001534120,"Avalo Therapeutics, Inc."
RGNX,2026-05-14,pos,positive topline results,0001590877,REGENXBIO Inc.
ALMS,2026-05-14,pos,positive topline results,0001847367,ALUMIS INC.
CTXR,2026-05-15,pos,positive topline results,0001506251,"Citius Pharmaceuticals, Inc."
CTOR,2026-05-15,pos,positive topline results,0001851484,"CITIUS ONCOLOGY, INC."
PVLA,2026-05-20,pos,positive topline results,0001583648,"PALVELLA THERAPEUTICS, INC."
FENC,2026-05-22,pos,met its primary endpoint,0001211583,FENNEC PHARMACEUTICALS INC.
APGE,2026-05-27,pos,met its primary endpoint,0001974640,"Apogee Therapeutics, Inc."
TGTX,2026-05-27,pos,positive topline results,0001001316,"TG THERAPEUTICS, INC."
SMMT,2026-06-01,pos,met its primary endpoint,0001599298,Summit Therapeutics Inc.
RNAZ,2026-06-03,pos,met its primary endpoint,0001829635,"Transcode Therapeutics, Inc."
ELTX,2026-06-15,neg,did not meet its primary endpoint,0001601485,"Elicio Therapeutics, Inc."
INBX,2026-06-15,pos,met its primary endpoint,0002007919,"Inhibrx Biosciences, Inc."
NTLA,2026-06-15,pos,met its primary endpoint,0001652130,"Intellia Therapeutics, Inc."
SYRE,2026-06-15,pos,met its primary endpoint,0001636282,"Spyre Therapeutics, Inc."
GRCE,2026-06-18,pos,met its primary endpoint,0001444192,"Grace Therapeutics, Inc."
MLTX,2026-06-22,pos,met its primary endpoint,0001821586,MoonLake Immunotherapeutics
MPLT,2026-06-22,neg,did not meet its primary endpoint,0001770069,"MapLight Therapeutics, Inc."
PRAX,2026-06-22,pos,positive topline results,0001689548,"Praxis Precision Medicines, Inc."
MNPR,2026-06-26,pos,met its primary endpoint,0001645469,Monopar Therapeutics
DCOY,2026-06-29,pos,met its primary endpoint,0001615219,Decoy Therapeutics Inc.
CMPS,2026-07-07,pos,met its primary endpoint,0001816590,COMPASS Pathways plc
MANE,2026-07-15,pos,positive topline results,0001827635,"Veradermics, Inc"
MNPR,2026-07-22,pos,met its primary endpoint,0001645469,Monopar Therapeutics
MPLT,2026-07-27,pos,positive topline results,0001770069,"MapLight Therapeutics, Inc."
GRCE,2026-07-28,pos,met its primary endpoint,0001444192,"Grace Therapeutics, Inc."
ALT,2026-07-28,pos,positive topline results,0001326190,"Altimmune, Inc."
ALKS,2026-07-28,pos,positive topline results,0001520262,Alkermes plc.
KPTI,2026-07-31,neg,did not meet its primary endpoint,0001503802,Karyopharm Therapeutics Inc.
TGTX,2026-08-03,pos,positive topline results,0001001316,"TG THERAPEUTICS, INC."
SPTX,2026-08-03,pos,positive topline results,0002042347,"Seaport Therapeutics, Inc."
PFE,2026-08-04,pos,positive topline results,0000078003,PFIZER INC
IDYA,2026-08-04,pos,positive topline results,0001676725,"IDEAYA Biosciences, Inc."
MCRB,2026-08-05,pos,positive topline results,0001609809,"Seres Therapeutics, Inc."
QTTB,2026-08-05,pos,positive topline results,0001661998,Q32 Bio Inc.
RPRX,2026-08-05,pos,positive topline results,0001802768,Royalty Pharma plc
MIRM,2026-08-05,pos,met its primary endpoint,0001759425,"Mirum Pharmaceuticals, Inc."
BMRN,2026-08-06,pos,met its primary endpoint,0001048477,BIOMARIN PHARMACEUTICAL INC
PRAX,2026-08-06,neg,did not meet its primary endpoint,0001689548,"Praxis Precision Medicines, Inc."
NTLA,2026-08-06,pos,positive topline results,0001652130,"Intellia Therapeutics, Inc."
HALO,2026-08-06,pos,positive topline results,0001159036,"HALOZYME THERAPEUTICS, INC."
RGNX,2026-08-06,pos,met its primary endpoint,0001590877,REGENXBIO Inc.
CYTK,2026-08-06,pos,positive topline results,0001061983,CYTOKINETICS INC
VRDN,2026-08-06,pos,positive topline results,0001590750,"Viridian Therapeutics, Inc.\DE"
DMAC,2026-08-10,pos,positive topline results,0001401040,DiaMedica Therapeutics Inc.
MLTX,2026-08-10,pos,positive topline results,0001821586,MoonLake Immunotherapeutics
CLNN,2026-08-10,pos,met its primary endpoint,0001822791,Clene Inc.
APGE,2026-08-10,pos,met its primary endpoint,0001974640,"Apogee Therapeutics, Inc."
TENX,2026-08-10,neg,did not meet its primary endpoint,0000034956,"TENAX THERAPEUTICS, INC."
IMNM,2026-08-11,pos,met its primary endpoint,0001472012,Immunome Inc.
MANE,2026-08-11,pos,positive topline results,0001827635,"Veradermics, Inc"
AVIR,2026-08-12,pos,positive topline results,0001593899,"Atea Pharmaceuticals, Inc."
ANRO,2026-08-12,pos,met its primary endpoint,0001999480,"Alto Neuroscience, Inc."
ALT,2026-08-12,pos,positive topline results,0001326190,"Altimmune, Inc."
INO,2026-08-12,pos,positive topline results,0001055726,"INOVIO PHARMACEUTICALS, INC."
MNPR,2026-08-12,pos,met its primary endpoint,0001645469,Monopar Therapeutics
NTHI,2026-08-12,pos,positive topline results,0001979414,"NEONC TECHNOLOGIES HOLDINGS, INC."
KPTI,2026-08-13,neg,did not meet its primary endpoint,0001503802,Karyopharm Therapeutics Inc.
NTHI,2026-08-13,pos,met its primary endpoint,0001979414,"NEONC TECHNOLOGIES HOLDINGS, INC."
CGEM,2026-08-13,pos,positive topline results,0001789972,"Cullinan Therapeutics, Inc."
ALMS,2026-08-13,pos,positive topline results,0001847367,ALUMIS INC.
ELTX,2026-08-13,neg,did not meet its primary endpoint,0001601485,"Elicio Therapeutics, Inc."
AMLX,2026-08-18,pos,positive topline results,0001658551,"Amylyx Pharmaceuticals, Inc."
